,Compound,Date,Negative,Neutral,Positive,Tweets Ago,User,text
0,0.6808,Sun Oct 21 18:56:02 +0000 2018,0.663,0.0,0.337,1,@BBC,üò¥ Five tips from our ancestors to help us sleep better.   https://t.co/mbqE98OeX0
1,0.8777,Sun Oct 21 18:33:32 +0000 2018,0.665,0.0,0.335,1,@BBC,"RT @BBCR1: Today we're celebrating the Teen Heroes that make a real difference! üëèüëè

Read the inspiring stories of Siena, Lily, and Junior h‚Ä¶"
2,0.3595,Sun Oct 21 17:34:32 +0000 2018,0.894,0.0,0.106,1,@BBC,"Congrats to @BTS_twt who have picked up not one, but two #R1TeenAwards! üôå

You can catch #R1TeenAwards on @BBCTwo r‚Ä¶ https://t.co/vwfiNEth67"
3,0.9683,Sun Oct 21 17:30:43 +0000 2018,0.5,0.0,0.5,1,@BBC,"RT @BBCR1: ""This is amazing. It's so heavy!""
""Oh, it's fabulous."" üíÅ‚Äç‚ôÄÔ∏è

@littlemix are VERY happy with their award for Best British Group!‚Ä¶"
4,0.5859,Sun Oct 21 17:03:05 +0000 2018,0.678,0.0,0.322,1,@BBC,üòÇ‚ù§Ô∏è The cutest breach of royal protocol. #PrinceHarry https://t.co/39hXKPXdiZ
5,0.9174,Sun Oct 21 16:57:54 +0000 2018,0.63,0.0,0.37,1,@BBC,"RT @BBCR1: Oh look at that happy face! üòç
@ShawnMendes is your Best International Solo Artist! üåçüèÜ

Don't miss @gregjames, @mayajama, and som‚Ä¶"
6,0.9157,Sun Oct 21 16:45:45 +0000 2018,0.642,0.0,0.358,1,@BBC,"RT @BBCR1: We are just so proud of @BTS_twt. üíõüíûüíõüíû
Thanks to all your votes, they are this year's Best Social Media Stars! ü§©

Don't miss the‚Ä¶"
7,0.7269,Sun Oct 21 16:44:17 +0000 2018,0.757,0.0,0.243,1,@BBC,"RT @BBCNewsbeat: Here's the full list of winners at the @BBCR1 Teen Awards, including Little Mix and BTS üòçüòçüòçüòçüëèüëèüëèüëè #R1TeenAwards

https://t.‚Ä¶"
8,0.0,Sun Oct 21 16:07:04 +0000 2018,1.0,0.0,0.0,1,@BBC,The man taking on Kenya's 'water mafia' by building pipes in the sky. https://t.co/2VrqLmLENv
9,-0.5106,Sun Oct 21 15:11:02 +0000 2018,0.784,0.216,0.0,1,@BBC,"The 'ugly duckling' fossil from the deep.
üëâ https://t.co/Gm1NtWfN77 https://t.co/HpegaMPUNR"
10,0.7096,Sun Oct 21 14:01:06 +0000 2018,0.543,0.0,0.457,1,@BBC,"‚ù§Ô∏è‚ö° This video could help you save a life.
https://t.co/wOkfddUbqB"
11,-0.0599,Sun Oct 21 13:01:04 +0000 2018,0.666,0.173,0.161,1,@BBC,Why not mentioning death and dying can make dealing with bereavement so much worse. https://t.co/lXcnnbTTmR
12,0.0,Sun Oct 21 12:08:01 +0000 2018,1.0,0.0,0.0,1,@BBC,"Would you eat slaughter-free meat?
üëâ https://t.co/xTA36EzicI https://t.co/whyieiulQ9"
13,0.3182,Sun Oct 21 11:49:27 +0000 2018,0.867,0.0,0.133,1,@BBC,"RT @BBCR1: From @LiamPayne  to @Camila_Cabello; test your fan knowledge ahead of today's #R1TeenAwards üéâ‚≠êÔ∏è

https://t.co/XMQTiO4Xgg"
14,-0.25,Sun Oct 21 11:40:13 +0000 2018,0.929,0.071,0.0,1,@BBC,RT @BBC6Music: ‚úäüèæ Sunday at 1pm: Don Letts (@RebelDread) introduces a soundscape telling the story of the Black Power protest at the 1968 @‚Ä¶
15,-0.3182,Sun Oct 21 11:02:07 +0000 2018,0.881,0.119,0.0,1,@BBC,As much as 85% of all oyster reefs globally have been lost in the last two centuries. https://t.co/yDtS5tQhsO
16,0.6249,Sun Oct 21 10:13:04 +0000 2018,0.619,0.103,0.278,1,@BBC,"Shards of ice on a bitterly cold February morning in Glencoe has scooped the top prize in the 2018 #LPOTY awards.
üëâ‚Ä¶ https://t.co/Gb6cgNz54c"
17,-0.7506,Sun Oct 21 09:39:11 +0000 2018,0.738,0.262,0.0,1,@BBC,RT @BBCWales: On this day in 1966: 116 children and 28 adults lost their lives in the Aberfan disaster. https://t.co/JjveTRgw2m
18,0.4939,Sun Oct 21 09:14:59 +0000 2018,0.714,0.0,0.286,1,@BBC,RT @BBCSpringwatch: Deadly predator and caring parent. #Autumnwatch https://t.co/NTkPu5rWjt
19,0.3164,Sun Oct 21 09:08:02 +0000 2018,0.814,0.0,0.186,1,@BBC,"üé®üñåüë®‚Äçüé® An artist has created the pinkest pink ever!  
#QI https://t.co/38YhoZ5DL5"
20,0.0,Sun Oct 21 08:07:03 +0000 2018,1.0,0.0,0.0,1,@BBC,"'Shibui: an aesthetic that only time can reveal'

Seven intriguing phrases from around the world.
üëâ‚Ä¶ https://t.co/L8gAp33EYa"
21,0.1567,Sun Oct 21 07:07:06 +0000 2018,0.686,0.136,0.178,1,@BBC,"This is the most soothing, weird thing you‚Äôll see all week‚Ä¶ https://t.co/G4hhd8Vs7m"
22,0.0,Sat Oct 20 19:36:48 +0000 2018,1.0,0.0,0.0,1,@BBC,RT @bbcstrictly: First 10 of #Strictly 2018 for Danny and Amy! https://t.co/tLFmWXFHUb
23,0.7184,Sat Oct 20 19:24:51 +0000 2018,0.605,0.077,0.319,1,@BBC,"RT @BBCOne: Leigh-Anne from @LittleMix gargles the #Strictly theme tune. Nice challenge @GregGames üòÇ
https://t.co/biqo7Texf1"
24,-0.4215,Sat Oct 20 19:04:05 +0000 2018,0.741,0.259,0.0,1,@BBC,"""These dairy calves are essentially a waste product."" 
#TheDarkSideOfDairy  https://t.co/zj42uT0f3Y"
25,0.3612,Sat Oct 20 18:04:03 +0000 2018,0.857,0.0,0.143,1,@BBC,"Angel tells her whole school what it's like to live with a sibling with Autism. 
#AutismAwareness https://t.co/RVgSJwUFO8"
26,0.6124,Sat Oct 20 17:09:02 +0000 2018,0.645,0.07,0.285,1,@BBC,"An accidental discovery is giving new hope for coral reefs

#OurBluePlanet w/ @oceanx + @motemarinelab https://t.co/AJmXW8Oavi"
27,-0.1531,Sat Oct 20 16:08:01 +0000 2018,0.897,0.103,0.0,1,@BBC,"Next time the other half moans about going shopping, you know where to put them‚Ä¶https://t.co/OViTye2x8R"
28,0.0,Sat Oct 20 14:53:05 +0000 2018,1.0,0.0,0.0,1,@BBC,"üçèü•ß From simple muffins to showstopping strudels, try out these recipes for autumnal treats.
üëâ‚Ä¶ https://t.co/EEEeoDyQYf"
29,0.0,Sat Oct 20 14:27:56 +0000 2018,1.0,0.0,0.0,1,@BBC,"RT @BBCTwo: Earl Cameron is over 100 years old, and was the first ever black actor to star in a British film.

#BlackHollywood: They've Got‚Ä¶"
30,-0.5106,Sat Oct 20 14:14:00 +0000 2018,0.574,0.292,0.134,1,@BBC,"This family lost ¬£90,000 to an investment opportunity now being investigated for fraud.
#RipOffBritain https://t.co/FcclaMwEzs"
31,0.6486,Sat Oct 20 12:39:06 +0000 2018,0.782,0.0,0.218,1,@BBC,‚ù§Ô∏è A father has used Birmingham city centre billboards to thank the hospital staff who cared for his daughter befor‚Ä¶ https://t.co/GqCKWMeGMj
32,-0.2263,Sat Oct 20 11:22:00 +0000 2018,0.913,0.087,0.0,1,@BBC,"It‚Äôs taken ‚ÄúDot‚Äù Perkins a long time to come to terms with life after his injury.

But #InvictusGames has helped hi‚Ä¶ https://t.co/kTaDNICEPl"
33,0.8,Sat Oct 20 10:23:15 +0000 2018,0.644,0.088,0.268,1,@BBC,"RT @BBCR1: üíì We're SO EXCITED to welcome @LittleMix back to the #R1TeenAwards on Sunday! üéâ‚≠êÔ∏è

Whether you're joining us at Wembley or follo‚Ä¶"
34,0.2382,Sat Oct 20 10:22:59 +0000 2018,0.922,0.0,0.078,1,@BBC,"RT @BBCFOUR: It's fondly remembered for its colour and vibrancy, but the origins of Disco were much more political than you might think‚Ä¶ ht‚Ä¶"
35,0.3612,Sat Oct 20 10:05:04 +0000 2018,0.865,0.0,0.135,1,@BBC,"üé• #WW1 as you've never seen it before - courtesy of #LOTR director Peter Jackson.
#TheyShallNotGrowOld https://t.co/cpe4dGhyTG"
36,0.0,Sat Oct 20 09:12:05 +0000 2018,1.0,0.0,0.0,1,@BBC,"üò∂ ‚ÄòSilence is gold, talking is silver‚Äô.

How the Finnish survive without small talk. 
üëâ https://t.co/aDnS0xGWj3 https://t.co/J6Erhjy8nX"
37,0.6369,Sat Oct 20 08:06:01 +0000 2018,0.756,0.0,0.244,1,@BBC,"üçÅüçÇAnd relax.... 
Take a walk through a New England forest in glorious fall foliage.
#Autumnwatch https://t.co/YdLSHQQNq5"
38,0.0,Sat Oct 20 07:13:05 +0000 2018,1.0,0.0,0.0,1,@BBC,"üáØüáµüå∏ Some of Japan's famed cherry blossoms, also known as sakura, have bloomed unexpectedly this autumn.
üëâ‚Ä¶ https://t.co/ZuF6GvnMKs"
39,0.0,Fri Oct 19 18:05:05 +0000 2018,1.0,0.0,0.0,1,@BBC,"Who could use this dress that INFLATES if people get too close to you?  üôãüòÇ
#QI https://t.co/O5PNNTtC5X"
40,0.0,Fri Oct 19 16:03:05 +0000 2018,1.0,0.0,0.0,1,@BBC,üï∫ This Welsh breakdancing teacher is redefining our expectations of dad dancing. https://t.co/O2mVWxkavw
41,0.0,Fri Oct 19 15:00:04 +0000 2018,1.0,0.0,0.0,1,@BBC,"The Invictus Games have arrived in Sydney!

Returning for its fourth edition, the seven-day event will see 500 comp‚Ä¶ https://t.co/RcE1vgkuBQ"
42,0.0,Fri Oct 19 12:53:03 +0000 2018,1.0,0.0,0.0,1,@BBC,"Would you eat lab-grown, slaughter-free meat? https://t.co/AQI47xrdwn"
43,0.0,Fri Oct 19 12:10:49 +0000 2018,1.0,0.0,0.0,1,@BBC,"üç∞üçë @HughJackman and @BillyCrystal have alllll the baking innuendos.
#NationalBakingWeek https://t.co/Qtbcxvwl34"
44,0.4939,Fri Oct 19 11:04:05 +0000 2018,0.725,0.076,0.198,1,@BBC,"'We took a romantic walk along the canal and I got paranoid, thinking he would throw me in‚Ä¶'

What it's like to liv‚Ä¶ https://t.co/pMiBrnECUH"
45,0.5719,Fri Oct 19 10:21:40 +0000 2018,0.812,0.0,0.188,1,@BBC,"üç∏ Gin and tonic, the perfect pair.
Do you know how they came together? 

#InternationalGinAndTonicDay  https://t.co/eshnO6BlLC"
46,0.0,Fri Oct 19 09:20:20 +0000 2018,1.0,0.0,0.0,1,@BBC,"It's the circle of life! ü¶Å
This little lion cub is being raised by Labrador. https://t.co/Jelt4f4YUu"
47,0.4215,Fri Oct 19 08:55:20 +0000 2018,0.865,0.0,0.135,1,@BBC,"üá¨üáß Meet the legends competing for Team UK at the 2018 Invictus Games.

#InvictusGames | starts 7.30pm | @BBCOne https://t.co/BiXjQmubTW"
48,0.0,Fri Oct 19 08:04:03 +0000 2018,1.0,0.0,0.0,1,@BBC,üòÇüîÆ A pregnancy test that predicts the future! https://t.co/rq5kkkbJXn
49,-0.2716,Fri Oct 19 07:04:07 +0000 2018,0.878,0.122,0.0,1,@BBC,"Has fur ‚Äì fashion‚Äôs most controversial material ‚Äì finally had its day?
üëâ https://t.co/lmdWPjjN5e https://t.co/WTgRDrNWS9"
50,0.5574,Fri Oct 19 06:12:05 +0000 2018,0.769,0.0,0.231,1,@BBC,üêµ We aren't the only animals that laugh when we're tickled... https://t.co/zacI00rcuw
51,0.0,Thu Oct 18 16:04:05 +0000 2018,1.0,0.0,0.0,1,@BBC,".@WhoopiGoldberg on her nine ex-husbands. 
#TheGNShow https://t.co/qu1vGJixzZ"
52,0.4019,Thu Oct 18 13:05:02 +0000 2018,0.895,0.0,0.105,1,@BBC,A black bear cub spotted with a plastic jar on its head has been freed by rangers in the US who spent three days se‚Ä¶ https://t.co/30g7Yto2aK
53,-0.3182,Thu Oct 18 12:04:05 +0000 2018,0.777,0.223,0.0,1,@BBC,The Soviet-era ghost town vanishing into the forest.  https://t.co/SMG2Vd5Ndb
54,0.296,Thu Oct 18 11:04:06 +0000 2018,0.845,0.0,0.155,1,@BBC,"üíä Should everyone be taking vitamin D?
üëâ https://t.co/tqSxQma4HY https://t.co/rZu1DpZEwf"
55,0.7351,Thu Oct 18 09:25:13 +0000 2018,0.754,0.0,0.246,1,@BBC,"RT @BBCAfrica: ‚ÄúIt felt like a duty to me to celebrate the woman, the mother, the matriarch, the immigrant.‚Äù

Filmmaker @adeyemimichael pre‚Ä¶"
56,0.4019,Thu Oct 18 09:16:32 +0000 2018,0.895,0.0,0.105,1,@BBC,"RT @BBC6Music: How many times have you heard The White Album? 

‚¨úÔ∏è  You can now download our special show @BBCSounds featuring the full alb‚Ä¶"
57,0.0,Thu Oct 18 08:02:00 +0000 2018,1.0,0.0,0.0,1,@BBC,"üòÇ‚öΩÔ∏è When it's your wedding day but @NUFC is life.

#ArmchairBritain | 11.45am | @BBCOne https://t.co/VdtV8u9dJ9"
58,0.25,Thu Oct 18 07:03:03 +0000 2018,0.909,0.0,0.091,1,@BBC,Scientists have created a piece of genetic code with the potential to wipe out the breed of mosquito that spreads m‚Ä¶ https://t.co/0zYeFx45XT
59,0.3687,Thu Oct 18 06:14:05 +0000 2018,0.887,0.0,0.113,1,@BBC,"üêø Nocturnal and able to leap 60 metres in a single bound, these little guys are true masters of the night.‚Ä¶ https://t.co/mAyadgtUFI"
60,-0.4767,Wed Oct 17 19:04:04 +0000 2018,0.853,0.147,0.0,1,@BBC,Archaeologists have uncovered an inscription they say may show that the history books have been wrong for centuries‚Ä¶ https://t.co/nkLmqPVy9k
61,0.4404,Wed Oct 17 18:07:03 +0000 2018,0.791,0.0,0.209,1,@BBC,"üíÉüï∑ This jumping spider has all the moves to impress.
#LifeStory https://t.co/DZSewaxum5"
62,0.0,Wed Oct 17 17:03:00 +0000 2018,1.0,0.0,0.0,1,@BBC,"Fishermen now fish for plastic instead of fish in Indonesia's Citarum River.
#DrowningInPlastic #PlasticsAction https://t.co/dAau36nauR"
63,0.7723,Wed Oct 17 16:03:02 +0000 2018,0.63,0.073,0.297,1,@BBC,"These baby puffins in Iceland are in trouble ‚Äì but don't worry, here come some children to the rescue. https://t.co/Hqfp43nG6H"
64,-0.4939,Wed Oct 17 14:30:00 +0000 2018,0.842,0.158,0.0,1,@BBC,"Having suffered life-changing injuries serving their countries, these army veterans are about to embark on a 1000 m‚Ä¶ https://t.co/eVDdiHaTRi"
65,0.0,Wed Oct 17 13:03:04 +0000 2018,1.0,0.0,0.0,1,@BBC,"A cooking class, a group walk or even a spot of dancing could be the prescribed by GPs in England to reduce pressur‚Ä¶ https://t.co/v3V6tRBaQx"
66,0.0,Wed Oct 17 12:02:01 +0000 2018,1.0,0.0,0.0,1,@BBC,How a group of guerrilla litter pickers are cleaning up Lagos. https://t.co/IBTAe1HNqd
67,0.0,Wed Oct 17 11:04:06 +0000 2018,1.0,0.0,0.0,1,@BBC,"üçÅüçÇ Seven classic New England scenes. #Autumnwatch
üëâ https://t.co/xJ2FsIS6Xu https://t.co/g2YnaLKjIF"
68,-0.1531,Wed Oct 17 09:21:04 +0000 2018,0.935,0.065,0.0,1,@BBC,"If you or someone you know has been affected by the issues in this film, then organisations that may be able to hel‚Ä¶ https://t.co/ojrSHpzTwF"
69,-0.7783,Wed Oct 17 09:12:04 +0000 2018,0.746,0.254,0.0,1,@BBC,"Patricia has lost her three sons to suicide. She lives in Northern Ireland, the place with the highest rate of suic‚Ä¶ https://t.co/TXw74dDlox"
70,0.7804,Wed Oct 17 08:49:41 +0000 2018,0.713,0.0,0.287,1,@BBC,RT @BBCTheOneShow: Find yourself a BFF that talks about you the way that @Maisie_Williams talks about @SophieT üíñ https://t.co/AgZEf2IqXM
71,-0.4215,Wed Oct 17 08:44:19 +0000 2018,0.882,0.118,0.0,1,@BBC,"RT @BBCWales: Welsh artist Chris Baker has Asperger syndrome. Struggling to express himself, Chris found his voice through art - and the wo‚Ä¶"
72,0.0,Wed Oct 17 08:22:09 +0000 2018,1.0,0.0,0.0,1,@BBC,üòÇ‚ù§Ô∏è This five-year-old boy couldn't resist touching Prince Harry's beard during a school visit in Australia.  https://t.co/39hXKPXdiZ
73,-0.8689,Wed Oct 17 07:08:02 +0000 2018,0.55,0.45,0.0,1,@BBC,"Why sexual assault survivors forget details and four other misconceptions about sexual violence. 
üëâ‚Ä¶ https://t.co/npHzf8laCd"
74,0.7088,Wed Oct 17 06:07:02 +0000 2018,0.753,0.0,0.247,1,@BBC,"Are you a night owl? ü¶â

üò¥üõå Here are five handy tips to help you get a good night's sleep! 
#Horizon https://t.co/pztZMJ23hD"
75,0.0,Tue Oct 16 18:03:07 +0000 2018,1.0,0.0,0.0,1,@BBC,VAPING: What could be healthier than inhaling gallons of melon-flavoured tobacco steam bought from a shop that also‚Ä¶ https://t.co/MfLfJgUss5
76,0.7345,Tue Oct 16 17:04:03 +0000 2018,0.693,0.0,0.307,1,@BBC,This is how you can help save the NHS money... dig out your old crutches! https://t.co/WqgRTXsFup
77,-0.6249,Tue Oct 16 16:43:29 +0000 2018,0.661,0.339,0.0,1,@BBC,RT @BBCOne: The subconscious racism is real. #Informer https://t.co/0EEKbry4pd
78,-0.3612,Tue Oct 16 16:03:04 +0000 2018,0.667,0.333,0.0,1,@BBC,"üî•üêê
Fighting fires with goats https://t.co/xoTuQNU3Vp"
79,0.0,Tue Oct 16 15:30:08 +0000 2018,1.0,0.0,0.0,1,@BBC,"‚ù§Ô∏è Pippa Middleton, the sister of the Duchess of Cambridge, has given birth to a baby boy.
üëâ https://t.co/eQwXGiv9B6 https://t.co/V3eJxREzDa"
80,-0.4939,Tue Oct 16 15:00:24 +0000 2018,0.824,0.176,0.0,1,@BBC,"RT @bbcthree: ""In the US 40% of all food is wasted whilst millions starve."" #WorldFoodDay https://t.co/nMI5WO4jHb"
81,0.7096,Tue Oct 16 14:43:37 +0000 2018,0.576,0.0,0.424,1,@BBC,"‚ù§Ô∏è‚ö° This video could help you save a life.
#RestartAHeartDay https://t.co/wOkfddUbqB"
82,0.0,Tue Oct 16 14:33:48 +0000 2018,1.0,0.0,0.0,1,@BBC,RT @bbcpress: First episode of Jodie Whittaker's #DoctorWho watched by 10.9 million viewers (consolidated) - making it the highest season l‚Ä¶
83,0.0,Tue Oct 16 13:44:32 +0000 2018,1.0,0.0,0.0,1,@BBC,"RT @BBCTwo: Earl Cameron is over 100 years old, and was the first ever black actor to star in a British film. https://t.co/HSXBb7Ea7N"
84,0.5106,Tue Oct 16 12:54:07 +0000 2018,0.764,0.063,0.173,1,@BBC,üòπ The US embassy in Australia has apologised for an email invitation featuring a cat dressed in pyjamas that was mi‚Ä¶ https://t.co/5eGaTENGUR
85,0.2263,Tue Oct 16 12:05:07 +0000 2018,0.782,0.091,0.128,1,@BBC,"After years of hiding her boxing from family &amp; friends, Ramla Ali is preparing to compete at the Olympic Games. https://t.co/Ela03dTPqU"
86,0.2263,Tue Oct 16 11:04:03 +0000 2018,0.905,0.0,0.095,1,@BBC,"üì∫ From #TheRomanoffs to the return of #MakingAMurderer, here are eight TV shows worth watching in October.
üëâ‚Ä¶ https://t.co/FG8uRe3ZXy"
87,0.5267,Tue Oct 16 10:05:04 +0000 2018,0.671,0.124,0.205,1,@BBC,"üòÇ #BluePeter sure has had some strange moments in its 60 years.

Here are some of the strangest... 
#BluePeter60 https://t.co/SP2L6BDEYN"
88,0.0,Tue Oct 16 09:32:22 +0000 2018,1.0,0.0,0.0,1,@BBC,"üêõüçî The bug burger has as much protein in it as a beef burger. 
#WorldFoodDay https://t.co/r4if2otNZ6"
89,0.8668,Tue Oct 16 09:21:10 +0000 2018,0.685,0.0,0.315,1,@BBC,"RT @cbbc: Happy 60th Birthday #BluePeter60 üéâüéÅüéä

Let's remember all the faces that have made it so wonderful! üíô https://t.co/zr1bfJghFe"
90,0.4019,Tue Oct 16 09:05:06 +0000 2018,0.748,0.0,0.252,1,@BBC,"Check out teeny tiny @DrewBarrymore...üòç
üéâ #BluePeter60  https://t.co/yYx7bh0hyv"
91,-0.296,Tue Oct 16 08:00:00 +0000 2018,0.901,0.099,0.0,1,@BBC,"For decades, Hannah managed a farm with no running water or electricity - by herself. What. A. Woman. üí™

Armchair B‚Ä¶ https://t.co/HbiwXkOcz6"
92,0.3182,Tue Oct 16 07:08:07 +0000 2018,0.887,0.0,0.113,1,@BBC,"A hologram of Amy Winehouse, which will use her original voice recordings, will tour the world next year.
üëâ‚Ä¶ https://t.co/YuMa5d9Yeh"
93,0.0,Tue Oct 16 06:09:07 +0000 2018,1.0,0.0,0.0,1,@BBC,Just remember this next time someone comments on your sniffer üòâhttps://t.co/Vspi3XoxRS
94,0.0,Mon Oct 15 19:10:03 +0000 2018,1.0,0.0,0.0,1,@BBC,"Introducing K-pop band @BTS_twt! (If you can hear them above the screaming... üòÜ)
#TheGNShow #BTS https://t.co/RPu0uXLh2j"
95,0.6696,Mon Oct 15 18:03:06 +0000 2018,0.609,0.0,0.391,1,@BBC,"üíöü¶â Meet the world's best mousetrap! 
#Autumnwatch https://t.co/cTeu2GwuI2"
96,0.0,Mon Oct 15 17:10:03 +0000 2018,1.0,0.0,0.0,1,@BBC,"This is the incredible story of how London dug the Victoria Line! üöá
#StationsDay https://t.co/F8MsetBclS"
97,0.0,Mon Oct 15 16:31:33 +0000 2018,1.0,0.0,0.0,1,@BBC,üé∂üòÇ Can @JanetJackson recognise her own lyrics in formal English? https://t.co/9sp7aCYK0c
98,-0.3382,Mon Oct 15 16:03:17 +0000 2018,0.888,0.112,0.0,1,@BBC,"RT @BBCTwo: Family #CookingShowdown is back! üë®‚Äçüë©‚Äçüëß‚Äçüë¶üç¥üç≥

Meet the families who will be battling it out in the kitchen... https://t.co/GfCVJA‚Ä¶"
99,0.5837,Mon Oct 15 16:00:19 +0000 2018,0.864,0.0,0.136,1,@BBC,"RT @BBCSpringwatch: Hello bear! üëã Look who turned up on our wildlife cameras! 
See you from 8pm tonight for more bears, beavers, birds, loo‚Ä¶"
100,0.0,Sun Oct 21 14:00:01 +0000 2018,1.0,0.0,0.0,1,@CBS,Make your Sunday a touchdown with @NFL on CBS. Catch your local games live on CBS and @CBSAllAccess. üèàüì∫‚Ä¶ https://t.co/Pnx8rR97CF
101,0.8858,Sun Oct 21 06:00:00 +0000 2018,0.591,0.0,0.409,1,@CBS,Michael Jackson's greatest hits and characters voiced by your favorite CBS stars! What could be better? Watch‚Ä¶ https://t.co/mzatyDRlvX
102,0.3818,Sun Oct 21 03:00:00 +0000 2018,0.795,0.0,0.205,1,@CBS,"Hey West Coast, a magical adventure of personal discovery awaits you... #MichaelJacksonHalloween starts now on CBS‚Ä¶ https://t.co/XhLTKWgPXi"
103,0.7901,Sun Oct 21 01:00:00 +0000 2018,0.5,0.0,0.5,1,@CBS,#MichaelJacksonHalloween looks like the best kind of Halloween! https://t.co/h3vMJnuksE
104,-0.4767,Sun Oct 21 00:52:36 +0000 2018,0.693,0.307,0.0,1,@CBS,RT @gerraldinha: I looooove it üò≠  #MichaelJacksonHalloween
105,0.4215,Sun Oct 21 00:30:00 +0000 2018,0.682,0.0,0.318,1,@CBS,Those are some powerful moves. #MichaelJacksonHalloween https://t.co/33aJzHrbMB
106,0.8122,Sun Oct 21 00:23:17 +0000 2018,0.619,0.0,0.381,1,@CBS,RT @SharonLovesMacG: Watching #MichaelJacksonHalloween @lucastill @GeorgeEadsTV .. I Love this cartoon.. Soo Good! üéÉüéÉ https://t.co/Hgk5jTVE‚Ä¶
107,0.0,Sun Oct 21 00:00:00 +0000 2018,1.0,0.0,0.0,1,@CBS,Time to march to the TV! #MichaelJacksonHalloween starts now on CBS and @cbsallaccess: https://t.co/izyMSOHp7l https://t.co/ZFIoRV0Rag
108,0.2714,Sat Oct 20 16:00:00 +0000 2018,0.795,0.0,0.205,1,@CBS,"It‚Äôs almost time for ""a thriller, thriller night!"" Here's how to watch #MichaelJacksonHalloween:‚Ä¶ https://t.co/GTzLrjCHEf"
109,0.4466,Fri Oct 19 23:00:35 +0000 2018,0.693,0.094,0.213,1,@CBS,"DVR ALERT for Viewers in EAST/CENTRAL Time Zones, please note *possible* football delay for CBS shows on Sunday eve‚Ä¶ https://t.co/6lTXMVb9Cd"
110,0.0,Fri Oct 19 22:01:22 +0000 2018,1.0,0.0,0.0,1,@CBS,"BREAKING: CBS has given full-season orders to @GodFriendedMe, @MagnumPICBS and @TheNeighborhood for the 2018-2019 b‚Ä¶ https://t.co/919bxqm673"
111,0.6369,Fri Oct 19 21:00:01 +0000 2018,0.819,0.0,0.181,1,@CBS,"You know and love him as Sheldon on the @bigbangtheory and this weekend, Jim Parsons is Hay Man on‚Ä¶ https://t.co/nQCCmOy4pf"
112,0.4574,Fri Oct 19 18:00:02 +0000 2018,0.786,0.0,0.214,1,@CBS,Take a peek into #MichaelJacksonHalloween before the special airs tomorrow at 8/7c! https://t.co/8v9He4sZUB
113,0.5994,Thu Oct 18 23:54:23 +0000 2018,0.692,0.0,0.308,1,@CBS,RT @AmazingRaceCBS: Host of #AmazingRace @PhilKeoghan has a special #SpiritDay message to share. https://t.co/wsYGRtMZQg
114,-0.126,Thu Oct 18 23:51:35 +0000 2018,0.785,0.086,0.129,1,@CBS,"RT @SEALTeamCBS: It‚Äôs okay to be who you are, no matter your background, race, religion, sexual orientation or gender identity! The cast of‚Ä¶"
115,-0.4019,Thu Oct 18 23:46:50 +0000 2018,0.681,0.204,0.115,1,@CBS,RT @NCISLA: Join #NCISLA star @reneefsmith and stand against bullying for #SpiritDay. üíú https://t.co/RSQ1lrDW3p
116,-0.126,Thu Oct 18 23:41:02 +0000 2018,0.785,0.086,0.129,1,@CBS,"RT @GodFriendedMe: It‚Äôs okay to be who you are, no matter your background, race, religion, sexual orientation or gender identity! We, the c‚Ä¶"
117,-0.126,Thu Oct 18 23:27:03 +0000 2018,0.776,0.09,0.134,1,@CBS,"RT @LifeInPiecesCBS: It‚Äôs okay to be who you are, no matter your background, race, religion, sexual orientation or gender identity! The cas‚Ä¶"
118,-0.126,Thu Oct 18 22:56:59 +0000 2018,0.766,0.094,0.14,1,@CBS,"RT @NCIS_CBS: It‚Äôs okay to be who you are, no matter your background, race, religion, sexual orientation or gender identity! @BrianDietzen‚Ä¶"
119,-0.126,Thu Oct 18 22:46:18 +0000 2018,0.793,0.083,0.124,1,@CBS,"RT @FBICBS: It‚Äôs okay to be who you are, no matter your background, race, religion, sexual orientation or gender identity! The cast of #FBI‚Ä¶"
120,-0.126,Thu Oct 18 22:26:39 +0000 2018,0.785,0.086,0.129,1,@CBS,"RT @ManWithAPlan: It‚Äôs okay to be who you are, no matter your background, race, religion, sexual orientation or gender identity! We, the ca‚Ä¶"
121,-0.126,Thu Oct 18 22:10:28 +0000 2018,0.776,0.09,0.134,1,@CBS,"RT @TheNeighborhood: It‚Äôs okay to be who you are, no matter your background, race, religion, sexual orientation or gender identity! We, the‚Ä¶"
122,0.1027,Thu Oct 18 21:47:07 +0000 2018,0.62,0.161,0.219,1,@CBS,RT @colbertlateshow: We are proud to join @glaad for #SpiritDay to take a stand against bullying. #LSSC üíúüíúüíú https://t.co/BItV0My3sV
123,-0.126,Thu Oct 18 21:35:45 +0000 2018,0.776,0.09,0.134,1,@CBS,"RT @instinctcbs: It‚Äôs okay to be who you are, no matter your background, race, religion, sexual orientation or gender identity! #Instinct p‚Ä¶"
124,-0.126,Thu Oct 18 20:57:54 +0000 2018,0.776,0.09,0.134,1,@CBS,"RT @MadamSecretary: It‚Äôs okay to be who you are, no matter your background, race, religion, sexual orientation or gender identity! The cast‚Ä¶"
125,-0.126,Thu Oct 18 20:36:31 +0000 2018,0.776,0.09,0.134,1,@CBS,"RT @MurphyBrownCBS: It‚Äôs okay to be who you are, no matter your background, race, religion, sexual orientation or gender identity! The cast‚Ä¶"
126,0.6114,Thu Oct 18 19:58:51 +0000 2018,0.818,0.0,0.182,1,@CBS,RT @letsmakeadeal: The #LMAD cast is rocking purple for #SpiritDay! Celebrate with them by replying with some üíúüíúüíú. https://t.co/kkSNlJDs9z
127,0.8442,Thu Oct 18 19:49:07 +0000 2018,0.569,0.0,0.431,1,@CBS,@LisaHendey @garthbrooks @NotreDame You've got friends in Notre Dame places. üòä
128,0.7845,Thu Oct 18 19:45:41 +0000 2018,0.706,0.0,0.294,1,@CBS,RT @TheTalkCBS: We‚Äôre all wearing purple today in support of @glaad's 9th annual #SpiritDay. Share your favorite purple emojis below and sh‚Ä¶
129,0.6114,Thu Oct 18 19:34:06 +0000 2018,0.826,0.0,0.174,1,@CBS,"RT @YandR_CBS: It‚Äôs #SpiritDay, and we‚Äôre going purple at #YR to celebrate! @camryngrimes and @caitfairbanks are taking over our Instagram‚Ä¶"
130,0.2263,Thu Oct 18 19:00:45 +0000 2018,0.662,0.136,0.202,1,@CBS,"RT @PriceIsRight: Today is @GLAAD #SpiritDay üåàWe're proud to wear purple, take a stand against bullying, and show our support for the LGBTQ‚Ä¶"
131,-0.126,Thu Oct 18 18:29:28 +0000 2018,0.793,0.083,0.124,1,@CBS,"RT @MomCBS: It‚Äôs okay to be who you are, no matter your background, race, religion, sexual orientation or gender identity! We, the cast of‚Ä¶"
132,0.0,Thu Oct 18 17:30:00 +0000 2018,1.0,0.0,0.0,1,@CBS,"Star of @thegoodfight, Christine Baranski, steps into a new role this Saturday during #MichaelJacksonHalloween! https://t.co/DEaBy8wTlX"
133,0.4215,Thu Oct 18 16:42:45 +0000 2018,0.899,0.0,0.101,1,@CBS,"@laralee24 If the Tonys have taught us anything, set it to music and it will be a lot easier to remember (and we'll remind you). üòâ"
134,-0.1531,Thu Oct 18 15:07:21 +0000 2018,0.926,0.074,0.0,1,@CBS,Don‚Äôt miss Broadway's Biggest Night. The 73rd Annual #TonyAwards will return to Radio City Music Hall in NYC on Sun‚Ä¶ https://t.co/sdIzCrzf9U
135,0.4843,Wed Oct 17 22:42:28 +0000 2018,0.784,0.0,0.216,1,@CBS,"Don't miss @Elementary_CBS star @LucyLiu as ""Conformity"" in the animated CBS special Michael Jackson's Halloween th‚Ä¶ https://t.co/uBkeeTt45K"
136,0.0,Wed Oct 17 18:00:01 +0000 2018,1.0,0.0,0.0,1,@CBS,"Did you know @Alancumming, @KierseyClemons, and @lucastill voices will be part of #MJHalloween? Find out which othe‚Ä¶ https://t.co/FJzSM6AgGT"
137,0.4019,Wed Oct 17 14:45:37 +0000 2018,0.886,0.0,0.114,1,@CBS,"This just in: Country superstar @garthbrooks is set to premiere his new TV special ""Garth: Live At Notre Dame"" on S‚Ä¶ https://t.co/fh37csbIxw"
138,0.636,Wed Oct 17 13:08:31 +0000 2018,0.811,0.0,0.189,1,@CBS,RT @WorldsBestCBS: Mark your calendars! The #WorldsBest is premiering right after the Super Bowl on February 3: https://t.co/mOcLpFURB9 üèàüèÜ‚Ä¶
139,0.6114,Tue Oct 16 21:49:16 +0000 2018,0.846,0.0,0.154,1,@CBS,"RT @NCIS_CBS: When it's #NationalBossDay AND #NCIS day, there's just one thing to do... Celebrate Gibbs! What do you think makes Gibbs a gr‚Ä¶"
140,0.4588,Mon Oct 15 19:40:07 +0000 2018,0.85,0.0,0.15,1,@CBS,"Sixty-seven years ago, legendary CBS sitcom #ILoveLucy premiered on this day in #CBStory. What's your favorite epis‚Ä¶ https://t.co/iOgv99L21F"
141,0.0,Mon Oct 15 17:41:20 +0000 2018,1.0,0.0,0.0,1,@CBS,RT @MagnumPICBS: Woof woof woof! (Translation: #MagnumPI is new tonight at 9/8c!) https://t.co/hBkiJUVZD3
142,0.5562,Sun Oct 14 23:29:25 +0000 2018,0.796,0.0,0.204,1,@CBS,"Hooray! #CBS Sunday schedule starting on time. All new episodes: 
#60Minutes 7:30pmET/7pmPT 
#GodFriendedMe 8:30pmE‚Ä¶ https://t.co/XJQ40QeUS8"
143,0.0,Sun Oct 14 20:00:00 +0000 2018,1.0,0.0,0.0,1,@CBS,"Dust off your dancing shoes! Michael Jackson‚Äôs Halloween airs Saturday, Oct. 20 at 8/7c on CBS. https://t.co/o0PoEUj1Xn"
144,0.0,Sun Oct 14 15:22:32 +0000 2018,1.0,0.0,0.0,1,@CBS,RT @CBSAllAccess: Sundays were made for NFL on CBS. üèà https://t.co/vsod8jYeZl https://t.co/OtJL7e94BA
145,0.4466,Sat Oct 13 03:09:33 +0000 2018,0.693,0.094,0.213,1,@CBS,"DVR ALERT for Viewers in EAST/CENTRAL Time Zones, please note *possible* football delay for CBS shows on Sunday eve‚Ä¶ https://t.co/VB9W5WaUqL"
146,0.7579,Fri Oct 12 17:59:00 +0000 2018,0.735,0.0,0.265,1,@CBS,This bonus spin was just a part of what made #PriceIsRight's Big Money Week enormous. What was your favorite moment? https://t.co/mhU50K8dJd
147,0.5093,Thu Oct 11 18:05:06 +0000 2018,0.845,0.0,0.155,1,@CBS,"RT @CBSAllAccess: Welcome to #TheTwilightZone, @justsanaa! The new series is coming to CBS All Access in 2019. üåÄ https://t.co/NdB7Vf4vdb"
148,0.4939,Wed Oct 10 20:31:12 +0000 2018,0.802,0.0,0.198,1,@CBS,"Ready to get into the Halloween spirit? An encore presentation of Michael Jackson‚Äôs Halloween will air Saturday, Oc‚Ä¶ https://t.co/sgLdtV4SaR"
149,-0.34,Tue Oct 09 19:23:28 +0000 2018,0.893,0.107,0.0,1,@CBS,"@ira We may have accidentally offered the job already to Catherine Deneuve, thinking we were talking to you on the‚Ä¶ https://t.co/4BgA5HgSeB"
150,0.4215,Mon Oct 08 23:48:50 +0000 2018,0.763,0.0,0.237,1,@CBS,RT @MadamSecretary: #ICYMI: A powerful moment from last night. #MadamSecretary https://t.co/MgQ11RlFmR
151,0.6696,Mon Oct 08 16:37:00 +0000 2018,0.817,0.0,0.183,1,@CBS,"RT @WorldsBestCBS: It‚Äôs the world‚Äôs best news! @JKCorden will host, and @DrewBarrymore, @RuPaul and @FaithHill will serve as judges of the‚Ä¶"
152,0.3612,Sun Oct 07 14:00:01 +0000 2018,0.902,0.0,0.098,1,@CBS,All the action on the gridiron from the comfort of your couch. Watch NFL on CBS LIVE today starting at 1pm ET. üèà‚Ä¶ https://t.co/WiXBm46gNV
153,0.0772,Sat Oct 06 21:33:36 +0000 2018,0.936,0.0,0.064,1,@CBS,"RT @CBSAllAccess: Take a first look at Spock, Number One, and Section 31‚Äôs newest recruit. #StarTrekDiscovery returns January 17, 2019. htt‚Ä¶"
154,0.5423,Fri Oct 05 23:30:00 +0000 2018,0.8,0.0,0.2,1,@CBS,"Viewers in Atlanta, Charlotte, Pittsburgh, and most of Michigan and Wisconsin, please take note of the DVR alert be‚Ä¶ https://t.co/fradnBOvdk"
155,-0.3612,Fri Oct 05 20:10:09 +0000 2018,0.821,0.179,0.0,1,@CBS,"RT @MadamSecretary: Worlds collide when former Secretaries of State @HillaryClinton, @madeleine, and Colin Powell stop by #MadamSecretary f‚Ä¶"
156,0.0,Fri Oct 05 19:23:53 +0000 2018,1.0,0.0,0.0,1,@CBS,".@TheNeighborhood's @BethBehrs and @latelateshow may have come up with a new hit show called ""Naked Rabbi.""‚Ä¶ https://t.co/KLsSlzgC0f"
157,-0.6808,Fri Oct 05 17:42:12 +0000 2018,0.811,0.189,0.0,1,@CBS,"RT @FBICBS: When a killer's victim survives to tell the tale, it's up to the team to catch him before he kills again. 

The first SEVEN MIN‚Ä¶"
158,0.5023,Fri Oct 05 16:45:23 +0000 2018,0.787,0.0,0.213,1,@CBS,But you know the CBS Fall TV that makes YOU smile. #WorldSmileDay https://t.co/JVOh5TlK0D
159,-0.3724,Fri Oct 05 16:45:22 +0000 2018,0.758,0.242,0.0,1,@CBS,Not everyone smiles at the same shows #WorldSmileDay https://t.co/XFwNIFleXf
160,0.3612,Fri Oct 05 16:45:22 +0000 2018,0.8,0.0,0.2,1,@CBS,"And smile at shows that, you know, get you. #WorldSmileDay https://t.co/9JpmKkB7Ky"
161,0.6124,Fri Oct 05 16:45:21 +0000 2018,0.667,0.0,0.333,1,@CBS,Smile at shows you‚Äôve been meaning to smile at before #WorldSmileDay https://t.co/MWrtrX62BP
162,0.7003,Fri Oct 05 16:45:21 +0000 2018,0.58,0.0,0.42,1,@CBS,Get right back into smiling with your favorites #WorldSmileDay https://t.co/BohCiTymMO
163,0.3612,Fri Oct 05 16:45:19 +0000 2018,0.737,0.0,0.263,1,@CBS,Time to smile at new shows #WorldSmileDay https://t.co/n45SpVXuOq
164,0.4199,Fri Oct 05 16:45:19 +0000 2018,0.715,0.0,0.285,1,@CBS,Smile! CBS Fall TV is here. #WorldSmileDay https://t.co/QhmtAmJL0X
165,0.0,Thu Oct 04 17:17:46 +0000 2018,1.0,0.0,0.0,1,@CBS,"The Big Bang Theory.
Young Sheldon, Mom, Murphy Brown.
S.W.A.T. Watch them tonight.

#NationalPoetryDay"
166,-0.3875,Thu Oct 04 00:34:37 +0000 2018,0.774,0.226,0.0,1,@CBS,@shygirlsue @Ranker And we couldn't be prouder of you.üòä https://t.co/Rt9bRkv32J
167,0.0,Wed Oct 03 23:45:21 +0000 2018,1.0,0.0,0.0,1,@CBS,@suferah_khan https://t.co/hkLN6VK6WI
168,0.7906,Wed Oct 03 23:39:03 +0000 2018,0.682,0.0,0.318,1,@CBS,.@Ranker is ranking the best CBS shows of all time. Did your favorites make the list? https://t.co/D3ZrfZK0Q9
169,0.4939,Wed Oct 03 19:35:31 +0000 2018,0.849,0.0,0.151,1,@CBS,".@CrimMinds_CBS returns tonight for its 300th episode. In honor of the milestone season premiere, the cast has a me‚Ä¶ https://t.co/o9aKkBKKtw"
170,0.6956,Wed Oct 03 17:05:20 +0000 2018,0.69,0.0,0.31,1,@CBS,".@wayansjr debuted his perfect impression of his father on @colbertlateshow but everybody, be cool, and don't tell‚Ä¶ https://t.co/MWa9UNOORj"
171,0.8858,Tue Oct 02 21:25:29 +0000 2018,0.646,0.0,0.354,1,@CBS,RT @CBSAllAccess: It's a great day to be a fan of #TheTwilightZone! We're celebrating the 59th anniversary of the classic series AND the of‚Ä¶
172,0.0,Tue Oct 02 18:36:26 +0000 2018,1.0,0.0,0.0,1,@CBS,"‚ö°Ô∏è ‚ÄúHappy Together Premieres on CBS‚Äù

https://t.co/W7IvELcMcw"
173,0.1622,Tue Oct 02 17:52:53 +0000 2018,0.746,0.133,0.121,1,@CBS,"@miamicah We don't know for sure about that, but we are sure that you should be some sort of TV detective. üôÇ https://t.co/uW5aSn7jlO"
174,0.0,Tue Oct 02 16:49:34 +0000 2018,1.0,0.0,0.0,1,@CBS,"‚ö°Ô∏è ‚ÄúThe Neighborhood Premieres on CBS‚Äù

https://t.co/R72l342BFE"
175,0.3182,Tue Oct 02 02:42:23 +0000 2018,0.881,0.0,0.119,1,@CBS,"RT @startrekcbs: Discover the next adventure of #StarTrekDiscovery January 2019, and catch #Starfleet at @NY_Comic_Con THIS Saturday. https‚Ä¶"
176,0.765,Tue Oct 02 01:10:54 +0000 2018,0.708,0.0,0.292,1,@CBS,The stars of @TheNeighborhood and @happytogether celebrated their shows' premieres on CBS tonight with a good old f‚Ä¶ https://t.co/fu9SJzv7hZ
177,0.0,Tue Oct 02 00:01:07 +0000 2018,1.0,0.0,0.0,1,@CBS,"RT @TheNeighborhood: It's almost time! Our live Q&amp;A with the casts of #TheNeighborhood &amp; #HappyTogether is starting at 8pm ET/ 5pm PT. 

Se‚Ä¶"
178,0.0,Mon Oct 01 21:56:03 +0000 2018,1.0,0.0,0.0,1,@CBS,Head over to the CBS Facebook page now for the #FacebookLive with @happytogether‚Äôs @wayansjr and @TheNeighborhood‚Äôs‚Ä¶ https://t.co/37QOrVA1sh
179,0.296,Mon Oct 01 16:33:11 +0000 2018,0.864,0.0,0.136,1,@CBS,Join @happytogether's @wayansjr and @TheNeighborhood's @iamgreenfield for a Facebook Live TODAY at 5:45p ET/2:45 PT‚Ä¶ https://t.co/klrx7cA41H
180,-0.2263,Sun Sep 30 23:51:26 +0000 2018,0.909,0.091,0.0,1,@CBS,"Due to #NFL football game overrun, #CBS Sunday lineup is delayed in East/Central time zones ONLY. New start times:‚Ä¶ https://t.co/zmEn7CVlUi"
181,0.6124,Sun Sep 30 17:00:00 +0000 2018,0.81,0.0,0.19,1,@CBS,The cast of @GodFriendedMe answers some heavenly questions about social media before the show premieres tonight aft‚Ä¶ https://t.co/61Tx2GTn35
182,0.0,Sun Sep 30 14:34:18 +0000 2018,1.0,0.0,0.0,1,@CBS,RT @CBSAllAccess: Stream NFL on CBS LIVE today starting at 1pm ET on CBS All Access! üèà https://t.co/vsod8jYeZl https://t.co/UBp3R4UCAd
183,0.0,Fri Sep 28 22:22:01 +0000 2018,1.0,0.0,0.0,1,@CBS,"On @colbertlateshow, @TheNeighborhood's @CedEntertainer and Stephen recall the first time they met on a night when‚Ä¶ https://t.co/vjz1zVg4sR"
184,0.0,Fri Sep 28 20:16:14 +0000 2018,1.0,0.0,0.0,1,@CBS,".@happytogether's @wayansjr, @HereIsGina &amp; @latelateshow discuss the pros and cons of living with a pop star. Con:‚Ä¶ https://t.co/PLXFxfheW7"
185,0.0,Fri Sep 28 17:52:41 +0000 2018,1.0,0.0,0.0,1,@CBS,"If you haven't seen @SEALTeamCBS, make it your mission to know them before the #SEALTeam Season 2 premiere October‚Ä¶ https://t.co/NhCPI3lZSV"
186,0.0,Fri Sep 28 16:51:50 +0000 2018,1.0,0.0,0.0,1,@CBS,"‚ö°Ô∏è ‚ÄúMurphy Brown Returns to CBS‚Äù

https://t.co/3vsAg7WcB1"
187,0.0,Thu Sep 27 20:19:18 +0000 2018,1.0,0.0,0.0,1,@CBS,.@TheNeighborhood's @iamgreenfield revealing his Fiddler on the Roof goals on @latelateshow will be the earworm you‚Ä¶ https://t.co/swbh8HPwA1
188,0.0,Thu Sep 27 20:01:53 +0000 2018,1.0,0.0,0.0,1,@CBS,RT @MurphyBrownCBS: A moment 20 years in the making all comes down to this. #MurphyBrown returns to @CBS tonight! https://t.co/tWSMFM3YbG
189,0.0,Thu Sep 27 17:19:16 +0000 2018,1.0,0.0,0.0,1,@CBS,"Candice Bergen tells @colbertlateshow the presidential way tonight's @MurphyBrownCBS premiere imitates life, albeit‚Ä¶ https://t.co/4Kbk8gt6nS"
190,-0.34,Thu Sep 27 16:58:08 +0000 2018,0.581,0.25,0.169,1,@CBS,@marlagardner222 @jay_hernandez Good idea. The theme song is a dead giveaway. üòâ
191,0.0,Thu Sep 27 00:44:13 +0000 2018,1.0,0.0,0.0,1,@CBS,@queenmama7777 @CBSAllAccess We believe in you! https://t.co/ZK0xaPRxVr
192,0.0,Thu Sep 27 00:42:15 +0000 2018,1.0,0.0,0.0,1,@CBS,@BSkyjackcity @jokersupdates @CBSAllAccess On it. https://t.co/yxKX9ry7fw
193,0.1139,Wed Sep 26 21:49:27 +0000 2018,0.929,0.0,0.071,1,@CBS,Sixteen houseguests entered and now it's down to the Final 3. Don't miss a second of the 90-minute #BB20Finale toni‚Ä¶ https://t.co/KwDHR9Hfqu
194,0.6249,Wed Sep 26 19:57:54 +0000 2018,0.779,0.0,0.221,1,@CBS,"The tribe has spoken, and they do a pretty decent @JeffProbst impression just in time for the @survivorcbs Season P‚Ä¶ https://t.co/2Ps8VKblay"
195,0.0,Wed Sep 26 17:25:43 +0000 2018,1.0,0.0,0.0,1,@CBS,"‚ö°Ô∏è ‚ÄúFBI Premieres on CBS‚Äù

https://t.co/faL6iHZc5g"
196,-0.2714,Tue Sep 25 21:10:56 +0000 2018,0.764,0.138,0.098,1,@CBS,"RT @CBSAllAccess: A night of crime dramas?! Oh yes. üôå Stream @NCIS_CBS, @FBICBS &amp; @NCISNewOrleans starting at 8/7c on CBS All Access: https‚Ä¶"
197,-0.2263,Tue Sep 25 20:31:45 +0000 2018,0.909,0.091,0.0,1,@CBS,"Before @FBICBS premieres tonight, @mperegrym stopped by @CBSThisMorning to talk about her role as an FBI agent in t‚Ä¶ https://t.co/CPVki4Hv8y"
198,0.0,Tue Sep 25 19:54:26 +0000 2018,1.0,0.0,0.0,1,@CBS,RT @CBSAllAccess: üö® @PatrickBrammall. Tim Meadows. @jessicaalba. @iamgreenfield. @AHWAmySedaris. @ChrisGethard. @JoeManganiello. AND SO MAN‚Ä¶
199,0.7901,Tue Sep 25 19:45:33 +0000 2018,0.709,0.0,0.291,1,@CBS,RT @bigbangtheory: Happy #NationalComicBookDay from Sheldon and his many shirts! How are you sporting your favorite superhero today? #BigBa‚Ä¶
200,-0.3182,Sun Oct 21 23:20:06 +0000 2018,0.688,0.19,0.122,1,@CNN,President Trump's stance on the migrant caravan could increase illegal immigration | @sam_vinograd for @CNNopinion‚Ä¶ https://t.co/Fuo5XdMINF
201,0.0,Sun Oct 21 23:10:07 +0000 2018,1.0,0.0,0.0,1,@CNN,Human Rights Campaign calls on Trump administration not to go forward with potential rollback of transgender protec‚Ä¶ https://t.co/4PTl2iETYA
202,0.0,Sun Oct 21 23:00:05 +0000 2018,1.0,0.0,0.0,1,@CNN,Who will be Florida‚Äôs next governor? See Republican @RonDeSantisFL and Democrat @AndrewGillum face off in a live CN‚Ä¶ https://t.co/7eUaZ8B6Pt
203,0.4019,Sun Oct 21 22:50:06 +0000 2018,0.87,0.0,0.13,1,@CNN,"US Army Brig. Gen. Jeffrey Smiley, who oversees the NATO military advisory mission in southern Afghanistan, was wou‚Ä¶ https://t.co/5blt71dqyL"
204,-0.296,Sun Oct 21 22:49:09 +0000 2018,0.901,0.099,0.0,1,@CNN,"RT @AnaCabrera: ‚ÄúThis bridge, this river, they can‚Äôt stop me.‚Äù --  A migrant mother traveling with the caravan tells @BillWeirCNN about her‚Ä¶"
205,-0.25,Sun Oct 21 22:48:28 +0000 2018,0.9,0.1,0.0,1,@CNN,"After 24 hours stuck on a bridge between nations, the 7,000+ migrant caravan found another way. It's a 2,500-mile w‚Ä¶ https://t.co/SloksGoyZa"
206,0.0,Sun Oct 21 22:30:07 +0000 2018,1.0,0.0,0.0,1,@CNN,"Crowds of migrants resumed their long journey north on Sunday from the Mexican border city of Ciudad Hidalgo, accor‚Ä¶ https://t.co/G2Nlyp5FCE"
207,0.0,Sun Oct 21 22:20:05 +0000 2018,1.0,0.0,0.0,1,@CNN,Republican Sen. Ben Sasse says that ending arms sales to Saudi Arabia in response to the country's involvement in t‚Ä¶ https://t.co/7xzJgZQEdU
208,0.6597,Sun Oct 21 22:10:07 +0000 2018,0.759,0.0,0.241,1,@CNN,'Run more Latinos': Los Angeles Democratic Mayor Eric Garcetti says the Democratic Party needs to take active steps‚Ä¶ https://t.co/5a3YoMjpFi
209,-0.296,Sun Oct 21 22:00:18 +0000 2018,0.891,0.109,0.0,1,@CNN,It's the race for Florida‚Äôs governor that no one predicted. See Republican Ron DeSantis and Democrat Andrew Gillum‚Ä¶ https://t.co/hRAr5PWxMX
210,-0.5267,Sun Oct 21 21:50:06 +0000 2018,0.855,0.145,0.0,1,@CNN,Tennessee Republican Sen. Bob Corker says that the US should punish Saudi Crown Prince Mohammad bin Salman if an in‚Ä¶ https://t.co/tZlkUvjsFQ
211,-0.7351,Sun Oct 21 21:40:03 +0000 2018,0.596,0.321,0.083,1,@CNN,Treasury Secretary Steven Mnuchin will participate in a meeting to combat terrorism financing with government offic‚Ä¶ https://t.co/kDd5dXs2ZT
212,0.0,Sun Oct 21 21:30:06 +0000 2018,1.0,0.0,0.0,1,@CNN,CNN‚Äôs @jaketapper will discuss lessons learned in Washington with Sen. Jeff Flake at CITIZEN by CNN ‚Äî a day-long po‚Ä¶ https://t.co/3ZTcbgnumm
213,0.7717,Sun Oct 21 21:20:05 +0000 2018,0.66,0.0,0.34,1,@CNN,How Mega Millions created monstrous jackpots -- but made them harder to win https://t.co/z8spKsYH75 https://t.co/FVuDF7XRBs
214,0.4588,Sun Oct 21 21:10:17 +0000 2018,0.87,0.0,0.13,1,@CNN,"Welcome to the wild, wild west. Travel to Far West Texas with #Bourdain on an all-new #PartsUnknown, Tonight at 9p‚Ä¶ https://t.co/zqdP9vf8ki"
215,0.0,Sun Oct 21 21:00:11 +0000 2018,1.0,0.0,0.0,1,@CNN,Who will be Florida‚Äôs next governor? See Republican @RonDeSantisFL and Democrat @AndrewGillum face off in a live CN‚Ä¶ https://t.co/k8MeTXWbDI
216,0.886,Sun Oct 21 20:50:03 +0000 2018,0.574,0.0,0.426,1,@CNN,A photographer took the perfect engagement photo at Yosemite. If only he could find the happy couple.‚Ä¶ https://t.co/QcRFWswRZi
217,0.0,Sun Oct 21 20:40:04 +0000 2018,1.0,0.0,0.0,1,@CNN,How investors should think about the midterm elections https://t.co/XtyLxRtqQE https://t.co/4MANTdNSIU
218,-0.5106,Sun Oct 21 20:30:08 +0000 2018,0.845,0.155,0.0,1,@CNN,CNN‚Äôs @VanJones68 will discuss prison reform with senior White House adviser Jared Kushner at CITIZEN by CNN ‚Äî a po‚Ä¶ https://t.co/K3zBysF5hU
219,-0.8658,Sun Oct 21 20:20:04 +0000 2018,0.55,0.375,0.076,1,@CNN,"Rae Carruth, a former NFL player who was found guilty of conspiracy to commit murder of his girlfriend and attempti‚Ä¶ https://t.co/hK1Nzw7ZIz"
220,-0.3612,Sun Oct 21 20:10:13 +0000 2018,0.623,0.234,0.143,1,@CNN,Behind every violent offender are the family members who must live with their loved ones‚Äô crimes. @lisaling meets t‚Ä¶ https://t.co/eh60CDpFgL
221,0.0,Sun Oct 21 20:00:12 +0000 2018,1.0,0.0,0.0,1,@CNN,Who will be Florida‚Äôs next governor? See Republican @RonDeSantisFL and Democrat @AndrewGillum face off in a live CN‚Ä¶ https://t.co/hMHGIGf1c3
222,0.7003,Sun Oct 21 19:56:01 +0000 2018,0.615,0.1,0.285,1,@CNN,Tallahassee Mayor Andrew Gillum won an upset victory in the Florida Democratic gubernatorial primary. If he wins th‚Ä¶ https://t.co/bjaUK3DouM
223,0.4215,Sun Oct 21 19:50:00 +0000 2018,0.872,0.0,0.128,1,@CNN,"At age 21, Jeramey Anderson was the youngest African-American state legislator to ever be elected in the United Sta‚Ä¶ https://t.co/fsw4yMSyQG"
224,-0.7783,Sun Oct 21 19:40:04 +0000 2018,0.595,0.405,0.0,1,@CNN,Saudi foreign minister says killing of Khashoggi was 'tremendous mistake' https://t.co/YKv91rSZKd https://t.co/QpARspInCq
225,0.0,Sun Oct 21 19:30:07 +0000 2018,1.0,0.0,0.0,1,@CNN,CNN‚Äôs @DanaBashCNN will discuss the upcoming midterm elections with House Minority Leader Nancy Pelosi at CITIZEN b‚Ä¶ https://t.co/LCQaRI0D7r
226,0.3252,Sun Oct 21 19:20:05 +0000 2018,0.9,0.0,0.1,1,@CNN,This pizza place doesn't deliver. But that didn't stop an employee from driving 225 miles to bring a pie to a man i‚Ä¶ https://t.co/M7NnTtm4pz
227,-0.8625,Sun Oct 21 19:10:08 +0000 2018,0.652,0.348,0.0,1,@CNN,At least 18 people have been killed and 178 others injured after a train derailed in Yilan County in northeastern T‚Ä¶ https://t.co/8Aob8CewVS
228,0.0,Sun Oct 21 19:00:08 +0000 2018,1.0,0.0,0.0,1,@CNN,Actress Selma Blair announces that she has been diagnosed with multiple sclerosis https://t.co/deLaMGi55V https://t.co/yHeJlrKJKl
229,-0.6908,Sun Oct 21 18:50:03 +0000 2018,0.737,0.263,0.0,1,@CNN,A video of a Coral Springs police officer hitting a 14-year-old girl during an arrest has caused outrage in a Flori‚Ä¶ https://t.co/NWDV1ICUbR
230,0.2263,Sun Oct 21 18:40:08 +0000 2018,0.725,0.114,0.161,1,@CNN,Powerball and Mega Millions combined jackpot hits $2 billion after there were no winners Saturday‚Ä¶ https://t.co/WQDXM45jWs
231,0.0,Sun Oct 21 18:35:03 +0000 2018,1.0,0.0,0.0,1,@CNN,CNN‚Äôs @jaketapper will discuss lessons learned in Washington with Sen. Jeff Flake at CITIZEN by CNN ‚Äî a day-long po‚Ä¶ https://t.co/mboo9nTFip
232,0.0,Sun Oct 21 18:30:18 +0000 2018,1.0,0.0,0.0,1,@CNN,Who will be Florida‚Äôs next governor? See Republican @RonDeSantisFL and Democrat @AndrewGillum face off in a live CN‚Ä¶ https://t.co/USP9Z3OlKc
233,-0.0516,Sun Oct 21 18:20:05 +0000 2018,0.8,0.104,0.096,1,@CNN,The Los Angeles Dodgers will play in the World Series for the second year in a row after defeating the Milwaukee Br‚Ä¶ https://t.co/7LK1Lkf7u8
234,0.0,Sun Oct 21 18:10:07 +0000 2018,1.0,0.0,0.0,1,@CNN,"As the final two weeks of campaigning begin, Democrats hold an edge in both the gubernatorial and Senate contests i‚Ä¶ https://t.co/TQI4ZQr8dp"
235,0.1301,Sun Oct 21 18:00:14 +0000 2018,0.93,0.0,0.07,1,@CNN,"""Why don't you get out of here? Why don't you leave the entire country?"" 

Senate Majority Leader Mitch McConnell a‚Ä¶ https://t.co/9scE5UIj6p"
236,0.0,Sun Oct 21 17:50:05 +0000 2018,1.0,0.0,0.0,1,@CNN,Republicans are looking into implementing an additional tax break for middle-income Americans ahead of the midterm‚Ä¶ https://t.co/7o8ufBzl6E
237,-0.743,Sun Oct 21 17:40:05 +0000 2018,0.73,0.27,0.0,1,@CNN,"Police in Georgia are searching for a man suspected of killing Gwinnett County officer Antwan Toney, who was answer‚Ä¶ https://t.co/veIW9G4MFk"
238,-0.2732,Sun Oct 21 17:30:07 +0000 2018,0.681,0.204,0.115,1,@CNN,Police say 30 people were injured when the floor of the apartment clubhouse collapsed during a party on homecoming‚Ä¶ https://t.co/gMX5LuRmcx
239,0.0,Sun Oct 21 17:20:16 +0000 2018,1.0,0.0,0.0,1,@CNN,Who will be Florida‚Äôs next governor? See Republican @RonDeSantisFL and Democrat @AndrewGillum face off in a live CN‚Ä¶ https://t.co/d8DmQ69jPD
240,-0.5106,Sun Oct 21 17:10:06 +0000 2018,0.845,0.155,0.0,1,@CNN,CNN‚Äôs @VanJones68 will discuss prison reform with senior White House adviser Jared Kushner at CITIZEN by CNN ‚Äî a po‚Ä¶ https://t.co/2FF2FFv9ul
241,0.128,Sun Oct 21 17:00:16 +0000 2018,0.842,0.0,0.158,1,@CNN,Recreational marijuana is now legal in Canada https://t.co/YdNac2hneE https://t.co/ZzU8GrNaGO
242,0.0,Sun Oct 21 16:30:09 +0000 2018,1.0,0.0,0.0,1,@CNN,"For the first time, a woman is leading the largest command in the US Army https://t.co/qwDQx0M8A2 https://t.co/P70iFzAs2Z"
243,0.0,Sun Oct 21 16:00:15 +0000 2018,1.0,0.0,0.0,1,@CNN,"This 2,000 foot-long floating pipe nicknamed Wilson is on a mission to collect all the plastic in the middle of the‚Ä¶ https://t.co/dyITUXFZPj"
244,-0.3182,Sun Oct 21 15:30:15 +0000 2018,0.698,0.205,0.098,1,@CNN,"""There is no God. No one directs the universe,"" physicist Stephen Hawking says in his final book.‚Ä¶ https://t.co/N6P4H3EIyA"
245,0.4019,Sun Oct 21 15:00:13 +0000 2018,0.844,0.0,0.156,1,@CNN,"Recreational marijuana is now legal in Canada:
- Adults will be allowed to carry and share up to 30 grams of legal‚Ä¶ https://t.co/YUn6SkDS20"
246,0.0772,Sun Oct 21 14:30:00 +0000 2018,0.789,0.1,0.111,1,@CNN,What do you do when you meet royalty? This little boy in Australia broke the rope line to give Prince Harry a hug a‚Ä¶ https://t.co/AYrIumABQB
247,0.25,Sun Oct 21 14:00:01 +0000 2018,0.857,0.0,0.143,1,@CNN,This luxury resort in northern Laos is a design fan's dream stay https://t.co/dDAZTkMrRH https://t.co/EtCasm2eZI
248,-0.4939,Sun Oct 21 13:30:00 +0000 2018,0.856,0.144,0.0,1,@CNN,"Caroll Spinney, the puppeteer who has portrayed Big Bird and Oscar the Grouch on ""Sesame Street"" since the program'‚Ä¶ https://t.co/e4iGf2u7dw"
249,0.4215,Sun Oct 21 13:00:01 +0000 2018,0.877,0.0,0.123,1,@CNN,Welch's Grape Juice sales were down. Then they saw a new marketing opportunity: men in their 40s. These ads are the‚Ä¶ https://t.co/KxGa2aRBIA
250,0.3818,Sun Oct 21 12:30:00 +0000 2018,0.885,0.0,0.115,1,@CNN,"Harry Enten helps you navigate CNN's new tool, The Forecast, which uses a vast amount of polling data and voter inf‚Ä¶ https://t.co/OqwCnrXd1r"
251,0.0,Sun Oct 21 12:00:17 +0000 2018,1.0,0.0,0.0,1,@CNN,Build a wall? Not everyone in Texas is on board. Journey into Far West Texas with #Bourdain on an all-new‚Ä¶ https://t.co/w9AGmHtQ3S
252,0.1027,Sun Oct 21 12:00:00 +0000 2018,0.826,0.078,0.096,1,@CNN,Watch out Bruno Mars ‚Äî this robot can seriously dance. Boston Dynamics has released footage of its robotic dog Spot‚Ä¶ https://t.co/Ba2WtEJUeO
253,0.0,Sun Oct 21 11:30:00 +0000 2018,1.0,0.0,0.0,1,@CNN,Archaeologists in Norway used ground-penetrating radar to discover a Viking ship buried two feet below the ground‚Ä¶ https://t.co/3WqEy0aHJf
254,0.0,Sun Oct 21 11:00:00 +0000 2018,1.0,0.0,0.0,1,@CNN,This historic airliner has been trucked 300 miles on its way to becoming a hotel bar at John F. Kennedy Internation‚Ä¶ https://t.co/VlPw1oiYyR
255,0.4767,Sun Oct 21 10:30:00 +0000 2018,0.837,0.0,0.163,1,@CNN,"Artist Andy Thomas says President Trump is ""a challenge to paint. ... All I know is he said he liked what I'd done,‚Ä¶ https://t.co/uasy0qkbg9"
256,0.0,Sun Oct 21 10:00:08 +0000 2018,1.0,0.0,0.0,1,@CNN,A 9-year-old Canadian cashed in on the long lines for pot ‚Äî and sold out her Girl Scouts cookie supply‚Ä¶ https://t.co/eER9CjzwT1
257,0.6369,Sun Oct 21 10:00:01 +0000 2018,0.811,0.0,0.189,1,@CNN,"Love the environment and sports cars? Engineers have taken a Corvette and made it into a 220 mph, manual transmissi‚Ä¶ https://t.co/4GetzwFs4P"
258,0.0,Sun Oct 21 09:30:10 +0000 2018,1.0,0.0,0.0,1,@CNN,A diabetic boy needed money to afford a service dog. His family's pumpkin sale raised the funds.‚Ä¶ https://t.co/HhXSph3cjU
259,0.0,Sun Oct 21 09:30:00 +0000 2018,1.0,0.0,0.0,1,@CNN,Meet Dr. Priscilla Chan -- the woman leading what may turn out to be the biggest change agent in Silicon Valley. He‚Ä¶ https://t.co/vhUGhS2KbI
260,-0.6705,Sun Oct 21 09:00:18 +0000 2018,0.769,0.231,0.0,1,@CNN,A lioness killed the father of her three cubs at the Indianapolis Zoo this week https://t.co/DufNvEIEII https://t.co/ijqR87ht2E
261,-0.3818,Sun Oct 21 09:00:01 +0000 2018,0.833,0.167,0.0,1,@CNN,"This robot can open doors, dash up stairs, and jump over obstacles https://t.co/ll3eQVlSuH https://t.co/zUk0Ifc3pe"
262,-0.4404,Sun Oct 21 08:30:03 +0000 2018,0.804,0.196,0.0,1,@CNN,"Gwinnett County, located northeast of Atlanta, is facing two federal lawsuits and accusations from voting rights ac‚Ä¶ https://t.co/U1VY2984sa"
263,-0.4215,Sun Oct 21 08:30:00 +0000 2018,0.851,0.149,0.0,1,@CNN,Electric scooters have overtaken the streets in several international cities. Now lawmakers are struggling to regul‚Ä¶ https://t.co/67T8PHgTH7
264,0.4939,Sun Oct 21 08:00:04 +0000 2018,0.802,0.0,0.198,1,@CNN,The US intelligence community and Silicon Valley may have upped their efforts to prevent interference in November m‚Ä¶ https://t.co/ShLDO2HHWQ
265,0.0,Sun Oct 21 08:00:00 +0000 2018,1.0,0.0,0.0,1,@CNN,"The Duke and Duchess of Sussex are expecting their first child, due to be born in spring 2019‚Ä¶ https://t.co/1oXklkZy4s"
266,0.4019,Sun Oct 21 07:30:06 +0000 2018,0.844,0.0,0.156,1,@CNN,"Recreational marijuana is now legal in Canada:
- Adults will be allowed to carry and share up to 30 grams of legal‚Ä¶ https://t.co/KbVh07UWLk"
267,-0.3182,Sun Oct 21 07:00:13 +0000 2018,0.698,0.205,0.098,1,@CNN,"""There is no God. No one directs the universe,"" physicist Stephen Hawking says in his final book. https://t.co/bNe6UfK1sd"
268,0.0,Sun Oct 21 06:30:07 +0000 2018,1.0,0.0,0.0,1,@CNN,"For the first time, a woman is leading the largest command in the US Army https://t.co/MdoaGSEoUZ https://t.co/3Z4PIJiEFO"
269,0.0,Sun Oct 21 06:00:16 +0000 2018,1.0,0.0,0.0,1,@CNN,The #RoyalBaby is expected in spring of 2019 https://t.co/Pr5v8GaPoC
270,0.0,Sun Oct 21 05:30:10 +0000 2018,1.0,0.0,0.0,1,@CNN,"Prince Harry and Meghan's #RoyalBaby will be seventh in line to the British throne, after Charles, William, George,‚Ä¶ https://t.co/qOTUuEv9Hk"
271,0.2023,Sun Oct 21 05:00:13 +0000 2018,0.762,0.076,0.162,1,@CNN,"Global warming will lead to substantial decreases in barley crop yields, causing beer shortages and a sharp rise in‚Ä¶ https://t.co/nh8xNbilXm"
272,-0.3182,Sun Oct 21 04:30:07 +0000 2018,0.698,0.205,0.098,1,@CNN,"""There is no God. No one directs the universe,"" physicist Stephen Hawking says in his final book.‚Ä¶ https://t.co/tGP4qEqeYo"
273,0.0,Sun Oct 21 04:00:16 +0000 2018,1.0,0.0,0.0,1,@CNN,"You need to make $80,560 a year to afford a studio apartment in San Francisco https://t.co/iIGyh4LeHp"
274,0.4404,Sun Oct 21 03:52:41 +0000 2018,0.879,0.0,0.121,1,@CNN,It will be the Dodgers vs. the Red Sox in the World Series. Los Angeles clinched the National League championship S‚Ä¶ https://t.co/O7opXIyamU
275,0.0,Sun Oct 21 03:30:12 +0000 2018,1.0,0.0,0.0,1,@CNN,"Meghan, Duchess of Sussex, and Prince Harry are expecting their first child https://t.co/OW2EhUM1ns https://t.co/nhOHmb43Cd"
276,0.0,Sun Oct 21 03:00:16 +0000 2018,1.0,0.0,0.0,1,@CNN,"Sears, the once-dominant retail chain that changed how Americans shopped and lived, has filed for bankruptcy‚Ä¶ https://t.co/guvfrmKInM"
277,-0.296,Sun Oct 21 02:30:56 +0000 2018,0.901,0.099,0.0,1,@CNN,"This Kentucky mother expected answers after her son, who has autism, came home from school covered in cuts and brui‚Ä¶ https://t.co/nqOW5yQSJS"
278,-0.0516,Sun Oct 21 02:00:09 +0000 2018,0.762,0.124,0.114,1,@CNN,"President Trump has raised more than $100 million for a 2020 re-election battle, giving him a massive financial adv‚Ä¶ https://t.co/AF9GZoGfDn"
279,0.0,Sun Oct 21 01:30:10 +0000 2018,1.0,0.0,0.0,1,@CNN,"Harry and Meghan, the Duke and Duchess of Sussex, are expecting their first child. The baby boy or girl will not on‚Ä¶ https://t.co/0c8KLX0aIa"
280,0.0,Sun Oct 21 01:00:16 +0000 2018,1.0,0.0,0.0,1,@CNN,"For the first time, a woman is leading the largest command in the US Army https://t.co/MvooM1a3qt https://t.co/uTFbUl3TzF"
281,0.4767,Sun Oct 21 00:30:11 +0000 2018,0.78,0.0,0.22,1,@CNN,These are the winners for Wildlife Photographer of the Year https://t.co/ylCKEjiPsY https://t.co/RyXBtld3cs
282,0.2023,Sun Oct 21 00:00:13 +0000 2018,0.762,0.076,0.162,1,@CNN,"Global warming will lead to substantial decreases in barley crop yields, causing beer shortages and a sharp rise in‚Ä¶ https://t.co/knVWlTtrgA"
283,0.0,Sat Oct 20 23:45:00 +0000 2018,1.0,0.0,0.0,1,@CNN,Valerie Jarrett on 'The Conners' reboot: 'This really isn't about me' https://t.co/U4tToAdYfJ https://t.co/GvR24mFj0o
284,-0.3182,Sat Oct 20 23:30:09 +0000 2018,0.698,0.205,0.098,1,@CNN,"""There is no God. No one directs the universe,"" physicist Stephen Hawking says in his final book. https://t.co/RFYbFyxiyg"
285,0.5719,Sat Oct 20 23:30:00 +0000 2018,0.837,0.0,0.163,1,@CNN,"If Eddie Edwards wins his midterm race, he'll be the first African-American ever to represent New Hampshire in Cong‚Ä¶ https://t.co/YDEMPUDVFm"
286,0.0,Sat Oct 20 23:00:13 +0000 2018,1.0,0.0,0.0,1,@CNN,"Sears, the once-dominant retail chain that changed how Americans shopped and lived, has filed for bankruptcy‚Ä¶ https://t.co/JaawAe6A7R"
287,0.6369,Sat Oct 20 22:45:00 +0000 2018,0.811,0.0,0.189,1,@CNN,"Love the environment and sports cars? Engineers have taken a Corvette and made it into a 220 mph, manual transmissi‚Ä¶ https://t.co/xeGdnXqjUp"
288,0.0,Sat Oct 20 22:30:09 +0000 2018,1.0,0.0,0.0,1,@CNN,"For the first time, a woman is leading the largest command in the US Army https://t.co/jQz91xPHSL https://t.co/YPoCDD1N3m"
289,0.1027,Sat Oct 20 22:15:00 +0000 2018,0.826,0.078,0.096,1,@CNN,Watch out Bruno Mars ‚Äî this robot can seriously dance. Boston Dynamics has released footage of its robotic dog Spot‚Ä¶ https://t.co/l41tmENdwW
290,0.0,Sat Oct 20 22:00:15 +0000 2018,1.0,0.0,0.0,1,@CNN,Who will be Florida‚Äôs next governor? See Republican @RonDeSantisFL and Democrat @AndrewGillum face off in a live CN‚Ä¶ https://t.co/GKSPPKOOoK
291,0.0772,Sat Oct 20 21:53:11 +0000 2018,0.929,0.0,0.071,1,@CNN,President Trump announced that the US is pulling out of the landmark Intermediate-Range Nuclear Forces Treaty with‚Ä¶ https://t.co/YC63LrqrBC
292,0.4215,Sat Oct 20 21:50:00 +0000 2018,0.877,0.0,0.123,1,@CNN,Welch's Grape Juice sales were down. Then they saw a new marketing opportunity: men in their 40s. These ads are the‚Ä¶ https://t.co/IzodGjTgsn
293,0.25,Sat Oct 20 21:40:00 +0000 2018,0.857,0.0,0.143,1,@CNN,This luxury resort in northern Laos is a design fan's dream stay https://t.co/dDAZTl43gh https://t.co/WlxS93wNkY
294,-0.5994,Sat Oct 20 21:35:08 +0000 2018,0.813,0.187,0.0,1,@CNN,The Washington Post says Saudi Arabia's announcement about the death of contributing columnist Jamal Khashoggi is n‚Ä¶ https://t.co/VRGhftg8x1
295,0.0,Sat Oct 20 21:30:09 +0000 2018,1.0,0.0,0.0,1,@CNN,The media shows a country split in half. This study says that's not the case. https://t.co/eZRN5mz0XP https://t.co/oyoodrf4nX
296,0.0,Sat Oct 20 21:20:05 +0000 2018,1.0,0.0,0.0,1,@CNN,A hack was detected earlier this month in a government computer system that works alongside https://t.co/rWpoE94H8N‚Ä¶ https://t.co/4pIVpkwxlt
297,0.0,Sat Oct 20 21:15:10 +0000 2018,1.0,0.0,0.0,1,@CNN,Kristin Chenoweth is bringing some Broadway flair to Christmas this year. The Emmy and Tony award-winning actress a‚Ä¶ https://t.co/xHUvCat3A3
298,0.1027,Sat Oct 20 21:10:06 +0000 2018,0.924,0.0,0.076,1,@CNN,"The fiancee of journalist Jamal Khashoggi has published a final message to him, after Saudi authorities admitted he‚Ä¶ https://t.co/PHSv7brz6c"
299,0.0,Sat Oct 20 21:06:48 +0000 2018,1.0,0.0,0.0,1,@CNN,Biden takes swipe at Trump in Nevada: 'It's all about Donald' https://t.co/xbMa2ohgwH https://t.co/rM0aJxUdsa
300,-0.8188,Sun Oct 21 23:22:00 +0000 2018,0.633,0.367,0.0,1,@FoxNews,".@newtgingrich on Khashoggi's death: ""This hurts the Saudis to lie this stupidly."" #FNS https://t.co/GnWpOLFx5L https://t.co/6bRdB6k80j"
301,0.2023,Sun Oct 21 23:15:00 +0000 2018,0.763,0.102,0.136,1,@FoxNews,".@RandPaul: ""I think it's a big, big mistake to flippantly get out of this historic agreement that Reagan and Gorba‚Ä¶ https://t.co/1aM8ZsJ3IU"
302,-0.0772,Sun Oct 21 23:10:00 +0000 2018,0.939,0.061,0.0,1,@FoxNews,".@RandPaul: ""I think we really need to discontinue our arms sales to Saudi Arabia and have a long and serious discu‚Ä¶ https://t.co/kj6yc4YUPc"
303,-0.7845,Sun Oct 21 23:05:00 +0000 2018,0.723,0.277,0.0,1,@FoxNews,".@RandPaul: ""There's no way 15 people were sent from Saudi Arabia to Turkey to kill a dissident without the approva‚Ä¶ https://t.co/QJFxFFeFhJ"
304,0.0,Sun Oct 21 23:02:00 +0000 2018,1.0,0.0,0.0,1,@FoxNews,Michael Goodwin: Count on Hillary to run in 2020. (via @FoxNewsOpinion) https://t.co/BWVTToBPFJ
305,-0.6705,Sun Oct 21 22:52:53 +0000 2018,0.732,0.268,0.0,1,@FoxNews,"Saudi Foreign Minister @AdelAljubeir's message to the Khashoggi family: ""This is a terrible mistake. This is a terr‚Ä¶ https://t.co/a7jYdekiwI"
306,-0.34,Sun Oct 21 22:46:47 +0000 2018,0.862,0.138,0.0,1,@FoxNews,"Saudi Foreign Minister @AdelAljubeir: ""There obviously was a tremendous mistake made and what compounded the mistak‚Ä¶ https://t.co/dgNdDw6Gjy"
307,-0.4588,Sun Oct 21 22:42:14 +0000 2018,0.714,0.185,0.101,1,@FoxNews,"Saudi Foreign Minister @AdelAljubeir on killing of Jamal Khashoggi: ""We are determined to uncover every stone, we a‚Ä¶ https://t.co/n8fPC1pToC"
308,-0.296,Sun Oct 21 22:39:57 +0000 2018,0.855,0.145,0.0,1,@FoxNews,Possible new clues in the search for a missing Wisconsin teen. @MattFinnFNC reports. https://t.co/EP3q9ylPkE https://t.co/jRgx6BjjyL
309,0.0946,Sun Oct 21 22:38:00 +0000 2018,0.698,0.121,0.181,1,@FoxNews,"TONIGHT: Don't miss ""Life, Liberty, &amp; Levin"" with @marklevinshow and special guest Dr. Patrick Michaels - Tune in a‚Ä¶ https://t.co/sxFvCCiejh"
310,-0.7923,Sun Oct 21 22:33:26 +0000 2018,0.719,0.281,0.0,1,@FoxNews,"At least 22 are dead and almost 200 more injured after one of Taiwan's new, faster commuter trains derailed.‚Ä¶ https://t.co/fkidnGSrKf"
311,-0.8957,Sun Oct 21 22:24:20 +0000 2018,0.393,0.607,0.0,1,@FoxNews,"Pennsylvania convicted murderer is suspected serial killer, police say. https://t.co/TVC0EOa3te"
312,0.5267,Sun Oct 21 22:12:00 +0000 2018,0.657,0.109,0.234,1,@FoxNews,"""The United States Supreme Court as an institution is now going to be attacked by the left as a political operation‚Ä¶ https://t.co/92IazgOslD"
313,0.0,Sun Oct 21 22:09:49 +0000 2018,1.0,0.0,0.0,1,@FoxNews,Migrants resume their march towards the U.S. after arriving at the Mexico-Guatemala border. William La Jeunesse rep‚Ä¶ https://t.co/Y0JOOQE4DQ
314,0.0,Sun Oct 21 22:03:27 +0000 2018,1.0,0.0,0.0,1,@FoxNews,"Paula Abdul falls off stage during live performance.
https://t.co/yqCrpZZhFT"
315,-0.9118,Sun Oct 21 21:46:00 +0000 2018,0.408,0.592,0.0,1,@FoxNews,Ohio student‚Äôs essay about being raped sends attacker to prison. https://t.co/TLv2cZ18Ib
316,0.0,Sun Oct 21 21:38:00 +0000 2018,1.0,0.0,0.0,1,@FoxNews,"Jacksonville shooting near Jaguars game wounds 6, 3 critically, police say. https://t.co/zVgFpbDqAY"
317,0.0,Sun Oct 21 21:30:00 +0000 2018,1.0,0.0,0.0,1,@FoxNews,"NYPD pulls 3,000 body cams off street after one exploded. https://t.co/o7h3PE7G5w"
318,0.5423,Sun Oct 21 21:21:14 +0000 2018,0.513,0.128,0.359,1,@FoxNews,"‚ÄòGilligan‚Äôs Island‚Äô star Dawn Wells accepts GoFundMe donations to help with financial struggles.
https://t.co/gGQXjKfppU"
319,0.0,Sun Oct 21 21:07:00 +0000 2018,1.0,0.0,0.0,1,@FoxNews,Former ICE Acting Director Thomas Homan discussed @POTUS' response to the migrant caravan headed for the U.S. borde‚Ä¶ https://t.co/d6pPRQYYbc
320,-0.9118,Sun Oct 21 21:00:46 +0000 2018,0.408,0.592,0.0,1,@FoxNews,Ohio student‚Äôs essay about being raped sends attacker to prison https://t.co/699oq666pH
321,0.0,Sun Oct 21 20:56:22 +0000 2018,1.0,0.0,0.0,1,@FoxNews,Pete Davidson breaks silence on Ariana Grande split at Swing Left show https://t.co/BCKnc00mNK
322,-0.6908,Sun Oct 21 20:48:09 +0000 2018,0.642,0.358,0.0,1,@FoxNews,"Seattle gun storage law 'eminently reasonable,' judge says in tossing NRA, gun group's lawsuit https://t.co/nKbiQcxVfY"
323,0.0,Sun Oct 21 20:45:36 +0000 2018,1.0,0.0,0.0,1,@FoxNews,"#Trump administration mulls rollback of Obama-era transgender protections, report says https://t.co/6NAJoq5U05"
324,0.2023,Sun Oct 21 20:44:03 +0000 2018,0.859,0.0,0.141,1,@FoxNews,"Peter Brookes on Saudi Arabia: ""This is an important partnership."" https://t.co/hmWlwQNSt2 https://t.co/kuArVwstp4"
325,-0.5994,Sun Oct 21 20:39:25 +0000 2018,0.794,0.206,0.0,1,@FoxNews,"Lawmakers on both sides of aisle say accounts of Jamal Khashoggi's death ""not credible"" https://t.co/CC8svM0iAb https://t.co/KVgNma9GTe"
326,-0.1531,Sun Oct 21 20:31:14 +0000 2018,0.714,0.157,0.129,1,@FoxNews,"Jim Antle: ""The Democrats, being the party out of power, have been angry, they've been excited."" https://t.co/bEOfNI5vwU"
327,-0.6597,Sun Oct 21 20:23:58 +0000 2018,0.732,0.268,0.0,1,@FoxNews,Mnuchin defends upcoming trip to Saudi Arabia in wake of Khashoggi killing https://t.co/2WRPL8oxyo
328,0.0,Sun Oct 21 20:20:00 +0000 2018,1.0,0.0,0.0,1,@FoxNews,"Turning Point USA founder @charliekirk11 said Sunday on @foxandfriends that the left is resorting to ""mob tactics""‚Ä¶ https://t.co/0d4EJ9WbUs"
329,0.0,Sun Oct 21 20:18:45 +0000 2018,1.0,0.0,0.0,1,@FoxNews,"President @realDonaldTrump stumps in Nevada, slams Democrats https://t.co/px1u7hlSat https://t.co/UBWh0vUmlL"
330,-0.5574,Sun Oct 21 20:15:29 +0000 2018,0.783,0.217,0.0,1,@FoxNews,Trump on migrant caravan: 'Onslaught of illegal aliens' represents 'disgrace' to the Dems https://t.co/UWT3F7pVY2
331,0.0,Sun Oct 21 20:11:33 +0000 2018,1.0,0.0,0.0,1,@FoxNews,"Caravan of migrants swells to about 5,000 as it crosses the Mexico-Guatemala border https://t.co/lJ7Rodrd4l https://t.co/aUGIHb7pCz"
332,-0.3612,Sun Oct 21 20:05:00 +0000 2018,0.884,0.116,0.0,1,@FoxNews,"Lightning strikes ground on the outskirts of the village of Campillos, Spain, where heavy rain and floods caused mu‚Ä¶ https://t.co/bMD58It36F"
333,-0.0258,Sun Oct 21 19:58:22 +0000 2018,0.663,0.144,0.193,1,@FoxNews,OPINION: Here‚Äôs why @HillaryClinton losing her security clearance matters for the rest of us. https://t.co/x3xuc1JHR7
334,-0.1027,Sun Oct 21 19:53:00 +0000 2018,0.909,0.091,0.0,1,@FoxNews,TSA orders travelers to pay $1.4 in civil penalties for bringing guns to airports. https://t.co/7xvKTVDyZm
335,-0.716,Sun Oct 21 19:45:00 +0000 2018,0.668,0.332,0.0,1,@FoxNews,.@SenatorDurbin says Republicans can't win on issues so they resort to personal attacks. https://t.co/VcZLZaG6N5
336,0.3818,Sun Oct 21 19:34:03 +0000 2018,0.843,0.0,0.157,1,@FoxNews,Sen. @tedcruz on his relationship with @POTUS: Working together on 'delivering on our promises' https://t.co/SdLubgLkAO
337,-0.5423,Sun Oct 21 19:25:28 +0000 2018,0.72,0.28,0.0,1,@FoxNews,Indianapolis Zoo lioness kills father of her three cubs. https://t.co/vCLEf71xk9
338,-0.5267,Sun Oct 21 19:13:24 +0000 2018,0.779,0.221,0.0,1,@FoxNews,Democratic Socialist Ocasio-Cortez compares climate change to 'existential threat' of Nazi Germany. https://t.co/iDYR0sW0qK
339,0.0,Sun Oct 21 18:59:15 +0000 2018,1.0,0.0,0.0,1,@FoxNews,".@RepMcSally: ""This border still needs to be secured."" #FNS https://t.co/3A9oSU3lQz"
340,0.5267,Sun Oct 21 18:54:12 +0000 2018,0.805,0.0,0.195,1,@FoxNews,".@RepMcSally: ""I am passionate about protecting people with pre-existing conditions and forcing insurance companies‚Ä¶ https://t.co/pVeQIM7tPW"
341,0.0,Sun Oct 21 18:42:58 +0000 2018,1.0,0.0,0.0,1,@FoxNews,Catholic leaders enter final week of debate on how to receive LGBT churchgoers. https://t.co/DdZPBE1m65
342,-0.8188,Sun Oct 21 18:28:39 +0000 2018,0.633,0.367,0.0,1,@FoxNews,".@newtgingrich on Khashoggi's death: ""This hurts the Saudis to lie this stupidly."" #FNS https://t.co/GnWpOLnWed https://t.co/jFdmXJxm06"
343,0.128,Sun Oct 21 18:26:23 +0000 2018,0.591,0.167,0.241,1,@FoxNews,"'Thank God': Homan Says Trump Is a 'Bulldog', Applauds Threat of Military at Southern Border https://t.co/Sz2F2TFDVW"
344,0.2023,Sun Oct 21 18:21:50 +0000 2018,0.763,0.102,0.136,1,@FoxNews,".@RandPaul: ""I think it's a big, big mistake to flippantly get out of this historic agreement that Reagan and Gorba‚Ä¶ https://t.co/Faa257hnGm"
345,-0.0772,Sun Oct 21 18:16:47 +0000 2018,0.939,0.061,0.0,1,@FoxNews,".@RandPaul: ""I think we really need to discontinue our arms sales to Saudi Arabia and have a long and serious discu‚Ä¶ https://t.co/1WIRzbPzwT"
346,-0.7845,Sun Oct 21 18:13:26 +0000 2018,0.723,0.277,0.0,1,@FoxNews,".@RandPaul: ""There's no way 15 people were sent from Saudi Arabia to Turkey to kill a dissident without the approva‚Ä¶ https://t.co/hDzgOA2dDI"
347,-0.4404,Sun Oct 21 18:09:06 +0000 2018,0.756,0.244,0.0,1,@FoxNews,Luke Bryan's mother's house reportedly damaged in Hurricane Michael https://t.co/3SNmZIC3Ne
348,0.6633,Sun Oct 21 18:05:42 +0000 2018,0.811,0.0,0.189,1,@FoxNews,"PICTURE PERFECT: Eddie and Edwina, two echidnas of Platypus House, inspected the camera in their pen on Saturday mo‚Ä¶ https://t.co/qSBelOl7rW"
349,-0.34,Sun Oct 21 17:50:20 +0000 2018,0.745,0.255,0.0,1,@FoxNews,President @realDonaldTrump criticizes Democrats at rally https://t.co/px1u7hlSat https://t.co/0L8kJwN1nd
350,0.0,Sun Oct 21 17:41:47 +0000 2018,1.0,0.0,0.0,1,@FoxNews,"Central American migrants walking to the U.S. start their day departing Ciudad Hidalgo, Mexico. Despite Mexican eff‚Ä¶ https://t.co/rz7WwCOFad"
351,0.0,Sun Oct 21 17:37:15 +0000 2018,1.0,0.0,0.0,1,@FoxNews,Migrants going through Mexico are making their way north to the U.S. border; William La Jeunesse reports‚Ä¶ https://t.co/m2giE3DCaV
352,0.0,Sun Oct 21 17:30:00 +0000 2018,1.0,0.0,0.0,1,@FoxNews,".@TheFive is hitting the road ahead of #Midterms2018, taking the show to Dallas, Texas! Tune in Monday for #TheFive‚Ä¶ https://t.co/vsFQnuqQw2"
353,0.5565,Sun Oct 21 17:26:04 +0000 2018,0.797,0.0,0.203,1,@FoxNews,Jessica Vaughan: ‚ÄúThis is not a humanitarian crisis as much as it is a challenge to the sovereignty of borders and‚Ä¶ https://t.co/tAkUjb1NKZ
354,0.0,Sun Oct 21 17:22:00 +0000 2018,1.0,0.0,0.0,1,@FoxNews,Midterm elections 16 days away https://t.co/iSPHQoeCYR https://t.co/iS8QV5xjES
355,-0.2732,Sun Oct 21 17:15:00 +0000 2018,0.851,0.149,0.0,1,@FoxNews,John Jordan: ‚ÄúThere‚Äôs always risks when you‚Äôre talking about nuclear weapons.‚Äù https://t.co/ZZK7i75mEK https://t.co/UNTBF2OIxX
356,-0.1027,Sun Oct 21 17:10:00 +0000 2018,0.92,0.08,0.0,1,@FoxNews,Rory Kennedy warns Trump to focus on NASA‚Äôs findings on climate change ‚Äòbefore it‚Äôs too late‚Äô https://t.co/BmngJQNmK2
357,0.7351,Sun Oct 21 17:03:50 +0000 2018,0.763,0.0,0.237,1,@FoxNews,"RT @FoxNewsResearch: Longest streaks of positive monthly jobs growth:

[1] 96 (and counting) 
‚Üí Oct 2010 - Sep 2018

[2] 48
‚Üí July 1986 - J‚Ä¶"
358,0.0,Sun Oct 21 17:03:37 +0000 2018,1.0,0.0,0.0,1,@FoxNews,"RT @FoxNewsResearch: Election Spotlightüî¶
‚Üí Countdown: ùüèùüî ùêùùêöùê≤ùê¨ to the midterms

üó≥Ô∏èAccording to Pew, 71% of the more than 29M Latino eligible‚Ä¶"
359,0.0941,Sun Oct 21 16:54:00 +0000 2018,0.853,0.065,0.082,1,@FoxNews,TODAY: Don't miss @RandPaul's exclusive interview on @FoxNewsSunday. Tune in at 2p and 7p ET on Fox News Channel! https://t.co/yLiZD7dxNo
360,0.34,Sun Oct 21 16:50:00 +0000 2018,0.833,0.0,0.167,1,@FoxNews,"On ""Sunday Morning Futures,"" @LindseyGrahamSC shared his thoughts on U.S.-North Korean relations. https://t.co/r4HOg0UrBK"
361,-0.8625,Sun Oct 21 16:45:00 +0000 2018,0.602,0.398,0.0,1,@FoxNews,"Texas death row inmate linked to 1999 murder of college student, Louisiana police say https://t.co/OxgvdAHwST"
362,-0.1027,Sun Oct 21 16:43:00 +0000 2018,0.865,0.135,0.0,1,@FoxNews,.@shadihamid: ‚ÄúIt‚Äôs hard to take these claims seriously.‚Äù https://t.co/hmWlwQNSt2 https://t.co/tuQsupcWNh
363,0.0,Sun Oct 21 16:37:39 +0000 2018,1.0,0.0,0.0,1,@FoxNews,"Prince Harry operates a remote control car with children and Meghan, Duchess of Sussex, at the Invictus Games drivi‚Ä¶ https://t.co/El6FI47IiF"
364,0.3612,Sun Oct 21 16:35:00 +0000 2018,0.737,0.0,0.263,1,@FoxNews,Ancient inscription discovery thrills archaeologists in Israel https://t.co/xVeioDo2Bc
365,-0.5994,Sun Oct 21 16:25:00 +0000 2018,0.813,0.187,0.0,1,@FoxNews,"Saudi crown prince is 'gonna have to be replaced' amid 'insulting' explanation for Khashoggi's death, @RandPaul says https://t.co/gZuSqtVHzr"
366,0.0,Sun Oct 21 16:20:57 +0000 2018,1.0,0.0,0.0,1,@FoxNews,"Saudi Foreign Minister Adel al-Jubeir on relationship between U.S. and Saudi Arabia: ""The relationship is a hugely‚Ä¶ https://t.co/AlnIJJrzJT"
367,-0.3954,Sun Oct 21 16:18:46 +0000 2018,0.695,0.194,0.111,1,@FoxNews,FOX NEWS EXCLUSIVE: @BretBaier grills Saudi foreign minister over death of US-based columnist in consulate https://t.co/CC8svM0iAb
368,-0.946,Sun Oct 21 16:15:17 +0000 2018,0.495,0.505,0.0,1,@FoxNews,"""This is a terrible mistake, this is a terrible tragedy. Our condolences go out to them. We feel their pain and I w‚Ä¶ https://t.co/vZM1DWM8UP"
369,-0.3182,Sun Oct 21 16:09:40 +0000 2018,0.711,0.173,0.116,1,@FoxNews,"Saudi Foreign Minister Adel al-Jubeir on Khashoggi's death: ""There is the presumption of innocence until proven gui‚Ä¶ https://t.co/mwMrDOWnkE"
370,-0.3612,Sun Oct 21 16:04:55 +0000 2018,0.751,0.154,0.095,1,@FoxNews,"Saudi Foreign Minister Adel al-Jubeir on Khashoggi's death: ""We are determined to pursue this to the end in order t‚Ä¶ https://t.co/dUnbHdfESb"
371,0.0,Sun Oct 21 16:00:33 +0000 2018,1.0,0.0,0.0,1,@FoxNews,Saudi Foreign Minister Adel al-Jubeir: This was an operation that was a rogue operation. https://t.co/ZNhIXzUPC9 https://t.co/jhaZd1gYba
372,0.0941,Sun Oct 21 15:58:00 +0000 2018,0.853,0.065,0.082,1,@FoxNews,TODAY: Don't miss @RepMcSally's exclusive interview on @FoxNewsSunday. Tune in at 2p and 7p ET on Fox News Channel! https://t.co/eEJkZBiQ5E
373,-0.34,Sun Oct 21 15:54:27 +0000 2018,0.87,0.13,0.0,1,@FoxNews,"Saudi Foreign Minister Adel al-Jubeir: ""There obviously was a tremendous mistake made and what compounded the mista‚Ä¶ https://t.co/uURRvYmUIz"
374,-0.5574,Sun Oct 21 15:50:31 +0000 2018,0.766,0.176,0.059,1,@FoxNews,"Adel al-Jubeir on investigation into Jamal Khashoggi's death: ""These things take time and you want to be careful.""‚Ä¶ https://t.co/6SHO47Ug1Q"
375,0.3818,Sun Oct 21 15:45:45 +0000 2018,0.847,0.0,0.153,1,@FoxNews,"Saudi Foreign Minister Adel al-Jubeir on Jamal Khashoggi: ""We want to make sure that we know what happened and we w‚Ä¶ https://t.co/gZ3iAKyl2K"
376,0.7351,Sun Oct 21 15:42:18 +0000 2018,0.735,0.0,0.265,1,@FoxNews,"""We are determined to uncover every stone. We are determined to find out all the facts and we are determined to pun‚Ä¶ https://t.co/Wpe60IRMkc"
377,0.0,Sun Oct 21 15:28:11 +0000 2018,1.0,0.0,0.0,1,@FoxNews,Powerball numbers drawn for $470M jackpot https://t.co/iXlrUHI346
378,-0.2263,Sun Oct 21 15:23:00 +0000 2018,0.84,0.16,0.0,1,@FoxNews,Texas Democrat @BetoORourke's Senate campaign sued over unwanted text messages https://t.co/OubGjEccX7
379,-0.8271,Sun Oct 21 15:17:00 +0000 2018,0.633,0.367,0.0,1,@FoxNews,'Losing the Battle of Ideas': @charliekirk11 Says the Left Is Resorting to 'Mob Tactics' With GOP Harassment https://t.co/vOQaAPa2MJ
380,-0.4215,Sun Oct 21 15:11:00 +0000 2018,0.859,0.141,0.0,1,@FoxNews,Arizona GOP Senate candidate @RepMcSally unloads on @RepSinema: 'This is personal .... She was protesting in a pink‚Ä¶ https://t.co/31pTjTLg2m
381,-0.6249,Sun Oct 21 15:05:00 +0000 2018,0.814,0.186,0.0,1,@FoxNews,"In a statement released on Sunday, @SecNielsen wrote that ‚Äúwhile we closely monitor the caravan crisis, we must rem‚Ä¶ https://t.co/eC7jlZ53P6"
382,0.34,Sun Oct 21 14:58:17 +0000 2018,0.882,0.0,0.118,1,@FoxNews,RT @FoxNewsSunday: .@MarthaMcSally on border security: I represent a southern border district 80 miles of the border...and we‚Äôve got 5th ge‚Ä¶
383,-0.2263,Sun Oct 21 14:58:00 +0000 2018,0.853,0.147,0.0,1,@FoxNews,.@LindseyGrahamSC: ‚ÄúThese caravans need to be stopped in Mexico.‚Äù #SundayFutures @MariaBartiromo https://t.co/hLnt3XiywT
384,-0.7425,Sun Oct 21 14:55:00 +0000 2018,0.69,0.31,0.0,1,@FoxNews,"Trump's 'very dangerous' decision to abandon nuclear accord has 'mankind facing full chaos,' Russia says https://t.co/h2xw3n46P5"
385,-0.5574,Sun Oct 21 14:52:40 +0000 2018,0.841,0.159,0.0,1,@FoxNews,".@LindseyGrahamSC: ""It‚Äôs time for somebody to push back against China‚Äôs cheating in the trade arena and Trump is do‚Ä¶ https://t.co/FoLg2b8qqH"
386,0.0,Sun Oct 21 14:50:00 +0000 2018,1.0,0.0,0.0,1,@FoxNews,.@LindseyGrahamSC: ‚ÄúI don‚Äôt think it‚Äôs credible at all.‚Äù https://t.co/ZNhIXzUPC9 #SundayFutures @MariaBartiromo https://t.co/hH3CPZ1fXZ
387,0.0,Sun Oct 21 14:45:00 +0000 2018,1.0,0.0,0.0,1,@FoxNews,.@LindseyGrahamSC: ‚ÄúWe would not be talking with North Korea if it were not for Donald Trump‚Äôs strength.‚Äù‚Ä¶ https://t.co/wPt3dd0vnL
388,0.3612,Sun Oct 21 14:40:23 +0000 2018,0.783,0.0,0.217,1,@FoxNews,.@LindseyGrahamSC: ‚ÄúI like President Trump being tough.‚Äù #SundayFutures @MariaBartiromo https://t.co/HxbqkX5BsV
389,0.3182,Sun Oct 21 14:35:00 +0000 2018,0.798,0.0,0.202,1,@FoxNews,"Migrant caravan grabs for American Dream, as immigrants forge unique challenge for US, Mexico https://t.co/Sbh8sC1fMM"
390,0.0,Sun Oct 21 14:30:01 +0000 2018,1.0,0.0,0.0,1,@FoxNews,Muscle car show on the Fox square! @foxandfriends https://t.co/aXY3JzJjwY
391,0.0,Sun Oct 21 14:20:00 +0000 2018,1.0,0.0,0.0,1,@FoxNews,.@RepGoodlatte: ‚ÄúWe have a lot of questions for him.‚Äù https://t.co/IclysQ3lex #SundayFutures @MariaBartiromo https://t.co/prFA2LY5c9
392,0.6369,Sun Oct 21 14:15:00 +0000 2018,0.679,0.0,0.321,1,@FoxNews,LOOK: Indiana Farmers Harvest 60-Acre 'Thank You' to Trump for Ethanol Boost https://t.co/iK96hVe73g
393,0.0,Sun Oct 21 14:10:09 +0000 2018,1.0,0.0,0.0,1,@FoxNews,.@edhenry is live with the ‚ÄòFox News Update‚Äô on Facebook Watch: https://t.co/hNrB8xzepH https://t.co/xoj8r8Psfq
394,-0.296,Sun Oct 21 14:00:26 +0000 2018,0.82,0.18,0.0,1,@FoxNews,President @realDonaldTrump vows to reveal new tax cuts before November https://t.co/mNcodrLbdi
395,0.6369,Sun Oct 21 13:52:22 +0000 2018,0.698,0.0,0.302,1,@FoxNews,"RT @FoxNewsSunday: On #Caravan, @MarthaMcSally says: This is a public safety and a national security issue."
396,0.0,Sun Oct 21 13:52:15 +0000 2018,1.0,0.0,0.0,1,@FoxNews,"RT @FoxNewsSunday: On @kyrstensinema 2003 Taliban comment, @MarthaMcSally tells Chris: It‚Äôs totally out of steps with American values‚Ä¶This‚Ä¶"
397,-0.6369,Sun Oct 21 13:50:02 +0000 2018,0.785,0.215,0.0,1,@FoxNews,".@charliekirk11: ""The left, they are losing the battle of ideas and now they're resorting to these mob tactics to t‚Ä¶ https://t.co/mFqL1ybPoi"
398,0.0,Sun Oct 21 13:42:54 +0000 2018,1.0,0.0,0.0,1,@FoxNews,"President @realDonaldTrump campaigning in Texas, Wisconsin and North Carolina this week https://t.co/CT8PWlh3El"
399,0.0,Sun Oct 21 13:38:38 +0000 2018,1.0,0.0,0.0,1,@FoxNews,Lawmakers to question Deputy Attorney General Rod Rosenstein on Wednesday https://t.co/IclysQkWD7 https://t.co/85wfHB5Ns8
400,0.0,Sun Oct 21 23:21:42 +0000 2018,1.0,0.0,0.0,1,@nytimes,"Album: In New York, Every Day Is Hispanic Heritage Day https://t.co/WmyyZKTL64"
401,0.0,Sun Oct 21 23:07:18 +0000 2018,1.0,0.0,0.0,1,@nytimes,Richard Parsons Is Expected to Step Down as Head of CBS Board https://t.co/AgJMOteZrv
402,-0.1027,Sun Oct 21 23:05:05 +0000 2018,0.75,0.135,0.115,1,@nytimes,"In old family photographs, documents and stories, descendants of a prominent white man and formerly enslaved black‚Ä¶ https://t.co/7a1mWj10pK"
403,-0.4939,Sun Oct 21 22:57:40 +0000 2018,0.775,0.225,0.0,1,@nytimes,Hurricane Michael Victims‚Äô Biggest Fear: ‚ÄòPeople Are Going to Start Forgetting‚Äô https://t.co/OGudARlVtr
404,-0.4588,Sun Oct 21 22:51:03 +0000 2018,0.864,0.136,0.0,1,@nytimes,"Jair Bolsonaro is known for his outrageous statements and fringe political views. Now, he is the front-runner in Br‚Ä¶ https://t.co/xFTf4plA7a"
405,-0.6249,Sun Oct 21 22:34:18 +0000 2018,0.83,0.17,0.0,1,@nytimes,"RT @NYTNational: ""I stand here today as a representation of the racism of the white man against African-Americans, against Jews, against Hi‚Ä¶"
406,0.0,Sun Oct 21 22:31:59 +0000 2018,1.0,0.0,0.0,1,@nytimes,"In every congressional session since 2012, a group of lawmakers has introduced a bill for pregnant workers that wou‚Ä¶ https://t.co/YkFXUhJRKp"
407,0.0,Sun Oct 21 22:29:05 +0000 2018,1.0,0.0,0.0,1,@nytimes,The only federal law protecting expecting mothers is the Pregnancy Discrimination Act. It says a company only has t‚Ä¶ https://t.co/8C4FYa6znr
408,0.1877,Sun Oct 21 22:24:50 +0000 2018,0.916,0.0,0.084,1,@nytimes,"Ceeadria Walker is not alone. 5 other women at the warehouse have also had miscarriages. In 2014, Erica Hayes, a wo‚Ä¶ https://t.co/dI4ZlUseK6"
409,0.0,Sun Oct 21 22:16:06 +0000 2018,1.0,0.0,0.0,1,@nytimes,Ceeadria Walker said her supervisor regularly sent her to a conveyor belt line where she had to lift 45-pound boxes‚Ä¶ https://t.co/n5EiB7zx02
410,0.0,Sun Oct 21 22:12:37 +0000 2018,1.0,0.0,0.0,1,@nytimes,"After Ceeadria Walker learned she was pregnant, she said she gave her XPO supervisor a doctor‚Äôs note saying she sho‚Ä¶ https://t.co/aBZ4GrdUrp"
411,0.4404,Sun Oct 21 22:06:21 +0000 2018,0.884,0.0,0.116,1,@nytimes,"If you are a Verizon customer on the East Coast, odds are good that your cellphone arrived by way of the XPO Logist‚Ä¶ https://t.co/Efqw0LZqnD"
412,-0.4939,Sun Oct 21 22:02:44 +0000 2018,0.833,0.167,0.0,1,@nytimes,"A New York Times investigation identified dozens of women who said they suffered miscarriages, went into premature‚Ä¶ https://t.co/3A05lE197T"
413,-0.34,Sun Oct 21 22:00:04 +0000 2018,0.862,0.138,0.0,1,@nytimes,"Pregnancy discrimination is widespread in corporate America. Some employers deny expecting mothers raises, others f‚Ä¶ https://t.co/5tIvYd5oE5"
414,0.0,Sun Oct 21 21:45:09 +0000 2018,0.841,0.08,0.08,1,@nytimes,"The latest incarnation of ""Halloween"" smashes and slashes its way to the top of the box office, earning $77.5 milli‚Ä¶ https://t.co/8eB4mR5XrL"
415,0.872,Sun Oct 21 21:30:07 +0000 2018,0.632,0.0,0.368,1,@nytimes,"Our first Modern Love in Miniature has stories of engagement burritos, a romantic tripod and more ‚Äî all in 100 word‚Ä¶ https://t.co/9aBmBulYpH"
416,-0.296,Sun Oct 21 21:16:05 +0000 2018,0.901,0.099,0.0,1,@nytimes,NYPD has ordered officers to turn in one model of body camera after one worn by a Staten Island officer exploded https://t.co/uMjBlzO9RI
417,0.4767,Sun Oct 21 21:00:12 +0000 2018,0.849,0.0,0.151,1,@nytimes,"""I am not aiming for it,"" Cynthia Erivo says of EGOT status. ""I'm aiming to do the work well, and if by chance that‚Ä¶ https://t.co/hgwEp9luKM"
418,0.2732,Sun Oct 21 20:45:02 +0000 2018,0.9,0.0,0.1,1,@nytimes,"RT @EllenBarryNYT: ‚ÄúWe have a long history of being taken by surprise by predictable events.‚Äù @_StephenCastle on the Brexit hoarders, stock‚Ä¶"
419,0.0,Sun Oct 21 20:30:11 +0000 2018,1.0,0.0,0.0,1,@nytimes,"RT @jdelreal: ‚ÄúAway from campaign rallies and candidates, many Hispanic voters said they felt disempowered rather than emboldened; they exp‚Ä¶"
420,-0.875,Sun Oct 21 20:15:03 +0000 2018,0.667,0.333,0.0,1,@nytimes,Police are investigating the murder of a woman who was found dead early Sunday in her Upper West Side apartment https://t.co/o6fByXqDX6
421,0.3818,Sun Oct 21 20:00:17 +0000 2018,0.63,0.13,0.239,1,@nytimes,"1) Twitter took down a bot network supporting the Saudi Arabian government
2) A Bangladeshi network promoted fake e‚Ä¶ https://t.co/yt2bMXwGu6"
422,0.2263,Sun Oct 21 19:45:04 +0000 2018,0.899,0.0,0.101,1,@nytimes,"She is a sociologist, poet, Twitter maven, Chicago cultural celebrity and newly minted Marvel Comics writer. But do‚Ä¶ https://t.co/4IKoYcdGWa"
423,0.296,Sun Oct 21 19:30:06 +0000 2018,0.762,0.09,0.148,1,@nytimes,A clash between the Proud Boys and anti-fascist protesters represent another episode in the NYPD's long history of‚Ä¶ https://t.co/ZjmGPUGICr
424,-0.765,Sun Oct 21 19:15:04 +0000 2018,0.732,0.268,0.0,1,@nytimes,"Turkey's president, upping the pressure on Saudi Arabia over the killing of Jamal Khashoggi in Istanbul, says he wi‚Ä¶ https://t.co/I30n2Qkitd"
425,0.0,Sun Oct 21 19:00:13 +0000 2018,1.0,0.0,0.0,1,@nytimes,Did you stay up to date this week? Find out with this week's news quiz. https://t.co/kdZjoDQGfD
426,0.0,Sun Oct 21 18:46:04 +0000 2018,1.0,0.0,0.0,1,@nytimes,"RT @ShaneGoldmacher: Here is a video of Sen. Kirsten Gillibrand phone-banking in New Hampshire this week.

Even more revealing of her 2020‚Ä¶"
427,0.0,Sun Oct 21 18:31:05 +0000 2018,1.0,0.0,0.0,1,@nytimes,Billie Sutton is running for South Dakota governor as an anti-abortion conservative Democrat with cowboy cred and a‚Ä¶ https://t.co/zgPR86xRJm
428,0.0772,Sun Oct 21 18:20:14 +0000 2018,0.783,0.101,0.115,1,@nytimes,Saudi Arabia silences dissent online by swarming critics like Jamal Khashoggi with trolls. It also appeared to groo‚Ä¶ https://t.co/oH7FShXTFk
429,-0.93,Sun Oct 21 18:15:06 +0000 2018,0.556,0.444,0.0,1,@nytimes,"In Opinion

Op-Ed contributor Bill McKibben writes, ""Threatening to kill or rape someone shouldn‚Äôt be banal. It sho‚Ä¶ https://t.co/hjmh7yEQGU"
430,0.0,Sun Oct 21 18:00:13 +0000 2018,1.0,0.0,0.0,1,@nytimes,"Bravo's ""Real Housewives"" franchise is filled with musical interludes that lure viewers into binging episodes.‚Ä¶ https://t.co/yVpyIE0F2j"
431,0.0,Sun Oct 21 17:45:03 +0000 2018,1.0,0.0,0.0,1,@nytimes,"RT @davidenrich: If you are a @Verizon customer, your phone might come from a warehouse in Memphis. Inside, pregnant workers are miscarryin‚Ä¶"
432,0.0,Sun Oct 21 17:31:05 +0000 2018,1.0,0.0,0.0,1,@nytimes,"24 hours 
24 states 
24 stories 
https://t.co/O1IG2QeN7e https://t.co/8FpTnUOhgK"
433,0.0,Sun Oct 21 17:25:02 +0000 2018,1.0,0.0,0.0,1,@nytimes,McKinsey said the austerity report was an internal document based on publicly available information and not prepare‚Ä¶ https://t.co/E5AyErTlo3
434,0.0,Sun Oct 21 17:22:28 +0000 2018,1.0,0.0,0.0,1,@nytimes,"McKinsey found 3 people were driving the conversation on Twitter: the writer Khalid al-Alkami; Omar Abdulaziz, a Sa‚Ä¶ https://t.co/qOdbGiFdQ8"
435,-0.2732,Sun Oct 21 17:20:08 +0000 2018,0.896,0.104,0.0,1,@nytimes,After Saudi Arabia announced economic austerity measures in 2015 to offset low oil prices and control a widening bu‚Ä¶ https://t.co/MEhKLHqXSs
436,-0.6705,Sun Oct 21 17:05:04 +0000 2018,0.744,0.256,0.0,1,@nytimes,"With its monumental carving of Southern Civil War leaders, Stone Mountain looms literally and figuratively over a G‚Ä¶ https://t.co/KSTC8i32t8"
437,0.6124,Sun Oct 21 16:49:12 +0000 2018,0.792,0.0,0.208,1,@nytimes,"The Sunday Routine of George Motz, the director of the Food Film Festival, includes playing a game with his kids: T‚Ä¶ https://t.co/DUhBt4GX6l"
438,0.0,Sun Oct 21 16:36:42 +0000 2018,1.0,0.0,0.0,1,@nytimes,RT @NYTScience: You might be able to see the Orionids meteor shower tonight. Here's what you need to know. https://t.co/lqr226NJnv
439,0.0,Sun Oct 21 16:20:08 +0000 2018,1.0,0.0,0.0,1,@nytimes,"Here are just a few of the ways Russian social media operatives sought to influence U.S. voters: 
- Say voter fraud‚Ä¶ https://t.co/SPhb39p6br"
440,0.2716,Sun Oct 21 16:05:03 +0000 2018,0.896,0.0,0.104,1,@nytimes,"In Opinion

Op-Ed contributor and Times writer-at-large Amy Chozick writes, ""It‚Äôs all the more urgent that we find‚Ä¶ https://t.co/n5DZCvpCES"
441,0.2023,Sun Oct 21 15:50:04 +0000 2018,0.913,0.0,0.087,1,@nytimes,U.S. Treasury Secretary Steven Mnuchin said that he would travel to the Saudi Arabian capital this week despite the‚Ä¶ https://t.co/RpOFV6Ik2G
442,0.2023,Sun Oct 21 15:35:01 +0000 2018,0.817,0.072,0.111,1,@nytimes,A Russian fertilizer company is pushing for a tough new environmental law in the EU that could expand Moscow's infl‚Ä¶ https://t.co/0Koh9MVBqS
443,0.0,Sun Oct 21 15:22:26 +0000 2018,1.0,0.0,0.0,1,@nytimes,"Ever wondered how The New York Times Book Review chooses its reviewers? Sometimes it takes years, and sometimes it‚Ä¶ https://t.co/2jPg3xK6bT"
444,-0.6908,Sun Oct 21 15:05:05 +0000 2018,0.749,0.251,0.0,1,@nytimes,"""Obviously, there‚Äôs been deception and there‚Äôs been lies"" in Saudi Arabia's story about what happened to Jamal Khas‚Ä¶ https://t.co/7hXmtsKBiz"
445,0.4215,Sun Oct 21 15:01:42 +0000 2018,0.877,0.0,0.123,1,@nytimes,"Pando, a grove of 47,000 quivering aspen trees connected by a single root system and all sharing the same DNA, is b‚Ä¶ https://t.co/BtKvknyavo"
446,-0.2263,Sun Oct 21 14:45:07 +0000 2018,0.894,0.106,0.0,1,@nytimes,The Trump administration is moving to exclude transgender people from civil rights protections ‚Äî defining gender as‚Ä¶ https://t.co/IG3W5cDMot
447,0.1098,Sun Oct 21 14:31:38 +0000 2018,0.856,0.083,0.061,1,@nytimes,"RT @nytimesphoto: ""I do not want to be pulled into one gender, I want to embrace both but also be in between and not be either.‚Äù https://t.‚Ä¶"
448,-0.1027,Sun Oct 21 14:15:03 +0000 2018,0.94,0.06,0.0,1,@nytimes,"RT @patrickhealynyt: News: Josh Hawley has been Missouri A.G. for 22 months and his office has been costly for taxpayers, depleted of lawye‚Ä¶"
449,-0.6945,Sun Oct 21 13:46:04 +0000 2018,0.687,0.242,0.071,1,@nytimes,"All is not lost in last month's devastating fire at National Museum of Brazil. Part of ""Luzia,"" the oldest human re‚Ä¶ https://t.co/AGoTN6KxHx"
450,0.0,Sun Oct 21 13:36:21 +0000 2018,1.0,0.0,0.0,1,@nytimes,RT @NYTSports: Dodgers vs. Red Sox: Their World Series starts Tuesday.  https://t.co/qdw8J3BkLr https://t.co/hrqKRAS0pN
451,-0.296,Sun Oct 21 13:30:09 +0000 2018,0.891,0.109,0.0,1,@nytimes,"A competition in which dogs' fur is shaved, dyed and teased into elaborate designs ranging from abstract shapes to‚Ä¶ https://t.co/7gO5f7AtD0"
452,-0.5859,Sun Oct 21 13:14:43 +0000 2018,0.62,0.259,0.12,1,@nytimes,"A passenger train derailment has killed at least 18 people in Taiwan, and emergency workers are trying to free othe‚Ä¶ https://t.co/bJkwdaPz2p"
453,-0.6249,Sun Oct 21 13:00:06 +0000 2018,0.779,0.221,0.0,1,@nytimes,RT @NYTNational: A Michigan woman said she was denied a medication for her miscarriage by a pharmacist who refused to fill the prescription‚Ä¶
454,-0.1531,Sun Oct 21 12:35:56 +0000 2018,0.609,0.209,0.183,1,@nytimes,Was Interracial Love Possible in the Days of Slavery? Descendants of One Couple Think So https://t.co/ITTAuR5aR9
455,0.3612,Sun Oct 21 12:31:16 +0000 2018,0.681,0.12,0.199,1,@nytimes,Democrats Lost Rural America. This Former Rodeo Star Thinks He Can Win it Back https://t.co/6EVdy2uQ2q
456,0.0772,Sun Oct 21 12:31:02 +0000 2018,0.783,0.101,0.115,1,@nytimes,Saudi Arabia silences dissent online by swarming critics like Jamal Khashoggi with trolls. It also appeared to groo‚Ä¶ https://t.co/6afsOfRhAl
457,0.0,Sun Oct 21 12:15:01 +0000 2018,1.0,0.0,0.0,1,@nytimes,"Reporter @DeclanWalsh and photographer @TylerHicksPhoto traveled to a field hospital in Yemen to see ""what Prince M‚Ä¶ https://t.co/U8YjLciR1Q"
458,0.4215,Sun Oct 21 12:10:23 +0000 2018,0.797,0.0,0.203,1,@nytimes,A Push for Safer Fertilizer in Europe Carries a Whiff of Russian Intrigue https://t.co/IMJLtiGXJW
459,-0.6597,Sun Oct 21 12:08:16 +0000 2018,0.761,0.239,0.0,1,@nytimes,"Mnuchin to Travel to Saudi Arabia to Reinforce Ties, Despite Uproar Over Khashoggi Killing https://t.co/Fx2ae3JgzS"
460,0.0,Sun Oct 21 12:00:10 +0000 2018,1.0,0.0,0.0,1,@nytimes,RT @nytpolitics: Republican campaigns have built a parallel digital universe. Here's what's in it. https://t.co/4GqMnBLUmb
461,-0.5267,Sun Oct 21 12:00:09 +0000 2018,0.701,0.206,0.093,1,@nytimes,Women with advanced cases of triple-negative breast cancer lived longer when treated with immunotherapy combined wi‚Ä¶ https://t.co/APGRoD8PSu
462,-0.3612,Sun Oct 21 11:30:05 +0000 2018,0.884,0.116,0.0,1,@nytimes,Authorities find the remains of 3 dozen infants or fetuses at a Detroit funeral home. The remains of 11 others had‚Ä¶ https://t.co/Mg8fhtVds6
463,-0.0516,Sun Oct 21 11:07:00 +0000 2018,0.517,0.246,0.237,1,@nytimes,The importance of medical touch: It can show gentleness and compassion or carelessness and incompetence https://t.co/3qByJ0kEeR
464,-0.8979,Sun Oct 21 10:47:59 +0000 2018,0.595,0.405,0.0,1,@nytimes,"‚ÄúThis wasn‚Äôt just a few bad apples, just a couple of unfortunate cases. This was systemic evil in the church.‚Äù https://t.co/CgEKp5T2CO"
465,0.0,Sun Oct 21 10:31:04 +0000 2018,1.0,0.0,0.0,1,@nytimes,Here's why claims that Democrats or George Soros are funding a caravan of migrants from Honduras are false https://t.co/KpI7hYHJJb
466,0.0,Sun Oct 21 10:16:11 +0000 2018,1.0,0.0,0.0,1,@nytimes,"If you think weddings are a lot of work, try walking a couple of trees down the aisle https://t.co/jUziTJHFeT"
467,0.4019,Sun Oct 21 10:00:09 +0000 2018,0.863,0.0,0.137,1,@nytimes,Europe‚Äôs highest court told Poland to reinstate more than two dozen judges ousted by the ruling party https://t.co/qC9AX7k0Us
468,0.2263,Sun Oct 21 09:52:32 +0000 2018,0.826,0.0,0.174,1,@nytimes,On Tennis: WTA Finals May Be Full of Surprises https://t.co/FfIdx1FWbE
469,-0.2263,Sun Oct 21 09:31:02 +0000 2018,0.927,0.073,0.0,1,@nytimes,RT @NYTimesAtWar: Defiant Afghan voter in Jalalabad: ‚ÄúI would come to vote even if bullets were raining in the city just to have a proper P‚Ä¶
470,0.0,Sun Oct 21 09:15:02 +0000 2018,1.0,0.0,0.0,1,@nytimes,"As one of Sicily's last ""cantastorie,"" or story singers, Franco Trincale's subjects range from a 16th-century love‚Ä¶ https://t.co/9IHvtEYFOT"
471,-0.5994,Sun Oct 21 09:00:18 +0000 2018,0.837,0.163,0.0,1,@nytimes,How do the competing narratives of Jamal Khashoggi‚Äôs death stack up? Here are some of the questions the story lines‚Ä¶ https://t.co/PQdvxPZaC7
472,0.4215,Sun Oct 21 08:48:40 +0000 2018,0.763,0.0,0.237,1,@nytimes,Phys Ed: A Device That Makes Running Faster and Easier https://t.co/V1PBajbIeo
473,-0.3182,Sun Oct 21 08:41:34 +0000 2018,0.897,0.103,0.0,1,@nytimes,RT @nytopinion: Throwing light on the coordinated misinformation campaigns flaring up all around us is essential to democracy. It can chang‚Ä¶
474,0.4019,Sun Oct 21 08:25:19 +0000 2018,0.876,0.0,0.124,1,@nytimes,"RT @NYTNational: Grades, test scores, intended major, personality ratings, ethnicity ‚Äî all the various factors that can help turn an anonym‚Ä¶"
475,-0.25,Sun Oct 21 08:08:15 +0000 2018,0.867,0.133,0.0,1,@nytimes,Sheila Pree Bright's photographs offer an intimate and humanistic view of black protest https://t.co/ckeaPo56Vf
476,0.4019,Sun Oct 21 07:51:06 +0000 2018,0.886,0.0,0.114,1,@nytimes,"RT @nytimesmusic: Neneh Cherry walked away from pop-star striving in favor of a career of experimentation. On her new album, she teams with‚Ä¶"
477,0.1655,Sun Oct 21 07:33:47 +0000 2018,0.912,0.0,0.088,1,@nytimes,"More than ever before, we're forming meaningful relationships with virtual strangers. But what happens when the per‚Ä¶ https://t.co/1NmWkoxrYz"
478,0.2944,Sun Oct 21 07:16:26 +0000 2018,0.901,0.0,0.099,1,@nytimes,"Here are some tips on buying technology or gadgets that are really worth it, instead of something that wastes your‚Ä¶ https://t.co/S75gmroM6A"
479,-0.5994,Sun Oct 21 07:00:08 +0000 2018,0.719,0.281,0.0,1,@nytimes,This is the front line of Saudi Arabia‚Äôs invisible war https://t.co/4oVZ4O6pWG
480,0.0,Sun Oct 21 06:55:37 +0000 2018,1.0,0.0,0.0,1,@nytimes,Poland Elections a Test for Governing Party‚Äôs Populist Message https://t.co/dxtAQSxkab
481,-0.4404,Sun Oct 21 06:53:15 +0000 2018,0.805,0.195,0.0,1,@nytimes,Sweden Indicts Woman Who Tried to Block Afghan Man‚Äôs Deportation on Flight https://t.co/qRJ5A019hB
482,0.5574,Sun Oct 21 06:33:37 +0000 2018,0.816,0.0,0.184,1,@nytimes,This hearty pumpkin bread is a sophisticated twist on the traditional version with the addition of bourbon‚Ä¶ https://t.co/WmtU28PaWe
483,0.3612,Sun Oct 21 06:16:16 +0000 2018,0.889,0.0,0.111,1,@nytimes,"RT @nytimestravel: 36 Hours in Athens: From the ancient Acropolis to a daring Renzo Piano-designed cultural center, the Greek capital is lu‚Ä¶"
484,-0.6908,Sun Oct 21 06:00:05 +0000 2018,0.759,0.241,0.0,1,@nytimes,"Right-wing Hindu groups once wanted to ban Perumal Murugan's book, ""One Part Woman."" New York Times book critic Par‚Ä¶ https://t.co/vDLlkYxQuj"
485,0.0,Sun Oct 21 05:30:09 +0000 2018,1.0,0.0,0.0,1,@nytimes,"RT @nytimesarts: We found the kids from ‚ÄúThe Miseducation of Lauryn Hill.‚Äù 20 years later, here‚Äôs what they said about the album and love.‚Ä¶"
486,0.1779,Sun Oct 21 05:17:00 +0000 2018,0.922,0.0,0.078,1,@nytimes,"Two years ago, IBM opened what was basically an escape room for cybersecurity nerds. Now they're taking the idea on‚Ä¶ https://t.co/x2JWXU8GpA"
487,0.0,Sun Oct 21 05:00:10 +0000 2018,1.0,0.0,0.0,1,@nytimes,RT @NYTSports: The Dodgers are back in the World Series.  https://t.co/xPs4AzK8Gl https://t.co/1VyJxYZyUV
488,0.4019,Sun Oct 21 04:56:03 +0000 2018,0.856,0.0,0.144,1,@nytimes,Here are 5 examples of active disinformation campaigns that were reported on or took place this week‚Ä¶ https://t.co/Xss3JnBfi5
489,0.0,Sun Oct 21 04:42:04 +0000 2018,1.0,0.0,0.0,1,@nytimes,Short stories to read before bed https://t.co/b2EItz6xXV
490,-0.6597,Sun Oct 21 04:25:01 +0000 2018,0.82,0.18,0.0,1,@nytimes,The killing of Jamal Khashoggi focuses attention on an effort ordered by Crown Prince Mohammed bin Salman and his a‚Ä¶ https://t.co/5sPYd8w8kT
491,0.4215,Sun Oct 21 04:09:07 +0000 2018,0.882,0.0,0.118,1,@nytimes,"RT @nytimesbusiness: Oat milk has been mostly a trendy, fringe product in the United States. Quaker Oats thinks the distribution might of i‚Ä¶"
492,-0.4215,Sun Oct 21 03:51:28 +0000 2018,0.896,0.104,0.0,1,@nytimes,"RT @nytimesmusic: Rock bands are struggling in 2018. Twenty One Pilots are thriving. How did they do it, and can they keep it up? https://t‚Ä¶"
493,-0.4588,Sun Oct 21 03:34:21 +0000 2018,0.812,0.188,0.0,1,@nytimes,Dodgers Defeat the Brewers in the N.L.C.S. to Return to the World Series https://t.co/Tqs8F65LUa
494,-0.3182,Sun Oct 21 03:31:03 +0000 2018,0.867,0.133,0.0,1,@nytimes,"In Opinion

The Editorial Board writes, ""Social platforms have a responsibility to address misinformation as a syst‚Ä¶ https://t.co/lLSQyFVuR2"
495,0.0,Sun Oct 21 03:17:10 +0000 2018,1.0,0.0,0.0,1,@nytimes,Migrants Vow to Rebuild Caravan and Continue Trek to U.S. https://t.co/OVTdpOsAtg
496,0.0,Sun Oct 21 03:02:17 +0000 2018,1.0,0.0,0.0,1,@nytimes,"Reviewer @jenszalai writes that a new biography of Frederick Douglass ""isn't looking to overturn our understanding‚Ä¶ https://t.co/h6TqNCY3tE"
497,0.0,Sun Oct 21 02:44:16 +0000 2018,1.0,0.0,0.0,1,@nytimes,Venture Capitalist: A.I. Hype Still ‚ÄúHas a Ways to Go Up‚Äù https://t.co/FDuIRrhwKE
498,0.3612,Sun Oct 21 02:37:19 +0000 2018,0.872,0.0,0.128,1,@nytimes,"‚ÄúCulturally, for us, I think we need something like this.‚Äù With ""Patriot Act,"" former Daily Show correspondent Hasa‚Ä¶ https://t.co/D3e6RNP9WG"
499,0.2263,Sun Oct 21 02:20:23 +0000 2018,0.718,0.144,0.139,1,@nytimes,RT @NYTScience: It is easy to get to the planet Mercury quickly. The hard part is stopping. https://t.co/TgVOyzWL2Q
